Enlem,Boylam,Cluster
40.1028,43.2645,0
37.8623,26.9371,1
36.505,27.159,1
35.7958,28.1966,2
37.8488,26.9918,1
35.0863,26.6635,1
39.6011,38.4005,0
36.6048,27.2391,1
36.6156,27.3541,1
38.158,27.4166,1
37.5408,32.6605,2
36.5258,27.1836,1
39.9171,28.803,1
37.7083,26.1271,1
39.8463,41.8278,0
36.7828,27.5813,1
40.7981,31.035,0
39.8248,41.7931,0
38.6391,43.16,0
36.668,27.4831,1
39.4476,28.2396,1
37.2275,28.4201,1
41.158,43.8025,2
38.8815,27.1901,2
37.5761,29.4168,1
40.3371,27.0033,1
36.6033,27.3421,1
36.9015,27.8388,0
36.9138,27.3075,2
39.343,38.2706,0
36.3966,27.1033,1
38.5885,31.642,1
39.288,33.3441,2
40.4868,34.2503,0
38.9713,25.5131,0
39.471,35.2051,0
38.7646,43.4251,0
37.9616,26.93,1
36.378,29.1565,1
37.8948,26.929,1
38.9196,43.4713,2
37.8895,32.1203,0
36.4571,28.8808,1
36.4988,27.2513,1
38.0575,29.0513,1
37.8875,26.8493,2
39.4046,27.901,2
41.085,43.7503,0
38.9123,43.5058,2
38.468,39.0491,1
37.8601,26.8998,1
41.3896,34.4018,0
36.5446,28.9296,1
38.9176,43.4775,2
38.5766,31.4366,2
41.1981,43.9635,0
37.6451,26.7555,1
36.67,27.5181,1
36.6088,33.3738,2
39.4468,33.0791,1
39.5066,33.1068,0
37.8523,26.926,1
39.0621,27.5221,2
38.9241,42.0318,0
38.495,39.2636,0
36.9175,28.1136,1
37.8403,32.1071,2
37.8403,26.8918,2
39.7101,27.0681,1
37.8556,30.5936,1
39.9486,28.7418,0
38.4028,30.1573,1
39.6516,30.1486,0
37.8526,32.0706,0
39.9388,28.7635,1
39.4403,28.2175,2
40.6225,36.757,0
37.9366,27.1173,1
39.65,33.0915,0
36.3388,35.532,1
38.6735,31.6265,2
38.3065,38.8223,0
37.91,26.3813,2
36.408,27.6786,1
38.586,31.624,1
37.6,29.4881,2
38.9581,26.0821,1
36.4411,27.1853,1
36.9613,27.9688,2
38.098,27.0916,2
39.3156,27.702,2
40.1673,31.6978,2
39.7046,41.0618,0
36.5643,27.2673,1
38.3473,26.7231,1
36.432,27.0728,1
39.4841,33.114,0
38.061,26.08,1
38.46,29.1575,2
39.3085,26.1313,2
37.259,31.215,1
39.3576,27.6253,1
37.3501,28.3125,2
39.0705,28.9848,2
36.5425,27.3313,1
40.409,35.0045,1
36.5056,27.173,1
37.815,26.9325,1
37.3455,30.2213,0
37.2508,36.1735,1
36.4876,36.8818,0
36.4893,27.1135,1
40.7475,42.1106,1
39.4085,40.5101,0
37.665,26.7778,1
39.4048,37.0153,2
35.834,29.3206,2
36.4493,27.0986,1
38.978,42.045,0
38.2466,38.833,0
37.8783,26.9561,1
39.5231,28.8546,2
36.5566,27.226,1
36.6443,36.3558,0
37.8618,32.1165,0
37.053,28.3775,2
38.0728,39.8786,2
35.2121,26.8643,1
38.975,42.0065,0
38.0371,27.099,1
37.0928,28.4438,2
40.183,34.1245,1
38.8053,38.1568,0
41.065,34.879,0
38.2768,38.778,0
37.918,29.242,2
38.0163,26.2415,1
40.5513,33.6323,0
38.267,38.7706,0
36.4515,27.1813,2
39.3953,40.8093,0
39.8291,41.855,0
35.0995,27.2573,1
39.9598,28.7601,1
37.8541,32.0711,0
40.9395,43.4581,0
36.8856,27.5216,1
37.9715,28.8198,2
38.3518,38.7501,0
35.135,25.532,1
35.349,26.507,1
36.9551,27.3361,1
37.842,32.11,0
39.7768,41.8686,0
38.0551,38.3558,2
39.8485,33.0743,2
37.0508,28.7373,2
37.2953,30.3336,1
37.5313,32.6126,2
38.7341,43.4541,2
39.982,27.3161,1
37.8136,26.9913,1
34.824,33.009,1
36.515,27.1923,1
39.0698,27.8248,1
37.3436,36.4126,0
36.3478,31.5843,1
36.4588,28.6598,0
36.5173,27.1373,2
38.353,38.9448,2
36.5275,27.0526,1
38.6423,43.17,0
37.806,26.171,2
38.9245,26.0961,0
39.7953,41.7703,0
37.883,27.1445,2
37.1548,36.2563,1
37.9251,28.8143,2
36.2201,27.6643,2
39.3286,33.6808,2
38.6415,43.242,0
39.4065,26.0738,2
39.6271,29.5853,2
37.2328,37.1121,2
36.4913,27.1625,1
37.7311,27.6811,2
38.2091,28.721,0
39.5146,40.9375,0
40.6126,35.3458,2
39.0801,44.2196,0
38.013,32.8016,0
38.7606,38.1715,2
41.3713,43.8203,0
37.7711,28.9096,1
41.1266,43.8991,1
40.1,27.7566,2
39.783,41.7768,0
36.655,27.2981,1
40.8336,28.2618,2
38.2288,38.8173,0
35.6683,28.9168,1
40.7158,34.1266,0
40.6788,27.4498,2
39.5661,26.1215,1
39.976,33.9696,0
37.6628,26.0353,2
37.2436,39.0351,2
41.0708,43.8203,1
41.1081,34.9693,2
35.6845,28.847,1
37.4923,30.6133,1
37.372,35.0211,2
35.132,27.6325,1
40.7521,31.4916,2
37.4488,27.6648,1
38.978,26.1866,1
37.8871,27.0135,2
37.2116,36.7796,2
36.5016,27.1723,1
38.5051,39.1543,1
39.6575,26.6161,1
37.8871,26.8725,1
37.1333,28.6745,2
38.8216,25.666,2
40.1456,27.3031,1
36.5406,27.1905,2
40.4713,35.4281,2
38.8183,26.2475,1
36.6115,27.2358,1
38.3501,38.6866,1
38.0698,26.8616,1
36.1193,27.4351,1
36.496,27.0933,1
39.7755,30.1778,2
37.4796,30.9356,0
37.7766,26.9318,2
37.4656,37.9811,1
36.29,29.4731,2
36.3963,29.9683,1
39.4293,26.235,0
36.9841,27.6013,1
37.8236,27.042,2
39.0818,27.5093,0
39.624,29.4725,1
39.9871,28.1855,1
40.1735,27.4031,2
34.9845,33.0926,0
40.1965,34.1273,1
38.6151,39.6931,0
38.2936,38.8126,0
36.482,27.144,1
37.6473,26.0751,2
38.8695,43.4701,2
36.4148,28.6981,2
35.25,25.538,1
39.5078,35.2545,0
37.9456,27.1495,1
38.256,38.7988,0
38.585,31.611,2
38.2713,38.769,2
35.108,27.5623,1
36.6158,27.374,1
39.6445,38.2613,0
37.815,29.6356,1
37.9741,32.1505,2
38.3351,38.7711,1
38.9406,42.0201,0
36.285,26.9883,1
37.9498,28.7086,2
38.6976,30.593,2
40.5446,34.4008,0
39.3886,28.185,1
39.7963,41.8023,0
37.8993,27.6423,1
40.0273,27.8486,1
39.8098,41.8358,0
36.5301,27.1325,1
37.1145,36.825,0
40.6428,26.0185,1
39.7855,43.4093,0
41.7556,25.2825,1
37.5048,30.4801,1
36.4768,35.9198,0
38.7113,43.4733,2
38.827,26.6258,2
37.7545,26.1648,2
37.8261,26.3701,1
37.3513,31.9035,2
37.4653,27.6611,1
40.7948,31.5633,0
37.3086,37.0956,1
38.0338,25.8873,2
37.8723,26.7765,2
37.798,26.991,1
36.6195,27.2963,1
37.1238,27.7668,1
37.6903,26.1361,2
36.903,27.5408,1
38.9508,26.0375,1
40.7933,31.9258,0
38.9863,30.1821,1
40.6848,30.3525,2
39.3825,34.1026,0
39.0336,41.3885,0
40.8651,28.3085,0
39.1031,29.0345,1
39.7298,30.7086,0
38.3296,38.7423,0
39.1455,41.1596,2
40.3848,26.9271,2
36.5681,27.2425,1
37.2006,37.1765,1
37.9318,27.1165,1
38.9581,26.1605,1
38.718,43.1515,0
37.8861,27.5693,2
36.854,28.2428,1
37.8791,29.2583,2
38.6403,43.164,0
35.1826,27.1188,1
39.0821,31.0636,0
36.9188,27.672,1
37.6521,36.286,1
39.8846,39.6521,1
40.6218,42.5518,2
37.215,28.6841,1
36.695,25.6513,1
37.4551,38.6076,0
40.8195,31.5378,1
39.7091,30.2393,0
38.1038,42.9161,0
41.1273,28.832,2
37.9293,29.2025,1
37.4563,27.6701,1
37.8123,27.0501,1
38.0216,26.8846,1
36.3548,28.7243,1
40.6795,42.9793,0
36.9235,27.3135,2
37.9411,27.1615,1
40.8008,31.0736,0
37.879,27.1345,1
38.9936,27.8738,0
40.8378,39.8865,0
38.8968,43.6248,0
40.2623,35.4263,0
40.1296,34.1808,0
37.0403,28.158,2
37.4828,27.0968,1
36.829,27.2123,1
38.5636,33.784,0
39.036,30.1418,1
38.4018,26.8671,1
40.6301,42.1215,0
35.292,25.601,1
37.8578,29.2671,2
37.432,30.3698,1
37.8331,27.0206,1
36.439,27.1903,1
39.5115,40.9213,0
39.124,33.9096,1
40.0955,43.2906,0
36.4788,27.1503,1
38.6941,39.97,1
36.5565,27.297,1
36.069,28.4968,2
40.0221,30.0325,0
39.5003,26.3303,1
36.5905,27.2056,1
36.985,28.511,2
41.0946,43.9158,0
36.5615,27.2953,1
38.516,39.1558,0
40.4466,33.2601,0
37.9475,27.1451,1
39.9411,34.5565,0
38.9288,26.1035,2
39.5708,38.1123,0
41.083,43.8566,0
41.385,43.8398,0
36.5888,27.2695,1
36.7028,27.5728,1
37.6873,25.9581,1
38.0265,31.3903,2
36.947,27.9193,1
39.8091,41.8356,0
38.3223,38.7741,2
39.572,41.2998,0
36.482,33.6335,1
39.0518,27.5538,2
36.6111,27.2628,1
38.0241,37.6446,1
34.824,33.068,0
41.1975,43.8455,1
37.4056,27.5663,1
40.604,35.3436,0
37.532,35.5528,1
37.984,38.0551,2
39.7725,41.0831,0
37.933,29.279,2
40.0485,40.5046,0
38.862,26.4705,2
37.0638,28.4601,1
37.8801,27.23,1
40.7005,27.3713,0
41.0438,32.1181,2
38.1428,42.498,2
35.925,26.039,1
38.459,39.2971,2
36.3316,26.8711,1
38.5723,43.1386,0
36.164,27.0886,1
37.4253,36.8658,1
40.1978,33.619,0
36.5155,27.0981,1
39.9878,26.09,2
39.0838,27.5338,1
38.9016,43.5906,2
38.6915,44.6631,1
40.0801,40.7748,0
36.4493,27.7695,1
40.698,29.7991,0
36.5505,27.1851,1
37.8428,26.4246,1
40.0935,40.621,0
38.9646,26.0181,1
40.1595,31.7738,0
37.6838,25.9831,1
37.6428,26.0236,2
38.8446,43.7395,0
39.0478,40.239,0
37.8531,29.2768,2
40.744,38.3736,0
36.4663,27.2153,1
35.637,27.222,0
39.1455,29.0436,0
39.0318,42.0206,1
40.4016,34.894,1
38.9591,24.355,1
36.5115,27.1865,1
41.177,43.7803,0
40.7966,28.1275,2
36.647,27.4836,1
40.6021,27.7333,0
37.8865,26.8691,2
38.7445,41.8461,0
40.7516,32.8776,1
37.9948,38.173,0
40.6263,36.7245,0
38.664,43.1918,1
37.9601,27.0708,1
38.7135,43.1853,0
40.8865,41.8841,0
40.7866,31.047,0
37.2313,28.6735,1
35.433,26.4441,1
36.4815,27.1741,1
39.9213,41.5021,0
36.4728,28.7155,2
35.413,24.797,1
39.4491,28.2291,0
40.8653,31.6913,0
38.511,39.1355,0
38.0938,42.1501,0
38.934,43.4906,2
37.91,27.0825,0
40.8161,39.8581,0
40.2206,27.7043,1
37.7066,26.129,2
36.6746,28.4265,2
39.9075,27.2555,1
36.511,27.1481,1
37.9231,27.0953,2
37.2673,28.6883,2
38.1083,27.2095,1
37.9251,27.5896,1
38.7435,38.9518,2
43.8758,20.9556,2
39.8456,41.7951,0
40.113,28.6118,1
37.8981,29.1541,1
38.762,43.5028,0
40.7806,27.7276,1
38.978,27.6518,1
37.5051,36.1813,2
36.4371,27.194,1
36.384,31.967,2
37.5678,36.3343,0
40.7608,31.4941,1
37.6666,29.3733,1
38.7358,43.485,0
37.7796,26.8623,2
39.9436,41.8728,2
39.6186,42.7861,2
36.7081,27.4246,1
39.0846,35.348,0
36.5425,27.1693,1
38.2596,38.8051,0
38.9555,42.0133,1
39.9055,42.2315,0
38.01,27.1648,1
40.844,31.0316,0
38.5973,31.6328,2
37.3091,36.3873,0
40.1921,41.0573,0
39.0366,30.2318,1
38.7115,26.5561,2
37.1125,28.3961,0
34.8218,33.1121,0
38.9886,42.4246,0
39.868,39.0398,2
37.9366,27.1208,1
36.5545,27.1471,1
38.7901,26.514,0
42.3443,42.8603,0
38.7548,43.4268,0
37.7631,31.9226,1
39.2335,26.2466,2
38.8371,26.9371,2
39.4566,26.1895,1
36.477,27.21,1
38.8955,43.494,0
38.7631,38.1898,2
39.451,34.6888,0
37.9675,42.6808,1
38.9218,43.4906,2
37.8661,26.9446,1
38.4811,41.8343,0
39.563,25.917,1
38.835,27.0878,2
40.3575,33.9756,1
35.4873,26.6871,1
37.9251,27.1481,1
39.0851,37.3175,1
36.4715,28.7568,2
36.3083,27.0805,1
39.791,41.7751,0
41.5505,33.6206,2
37.3508,35.027,0
40.3301,42.186,0
37.6326,25.9153,2
38.9158,25.9706,1
36.5681,27.1696,1
39.9886,27.832,0
36.4928,27.205,1
40.8128,28.8033,2
38.9555,26.68,1
38.7371,25.5656,0
38.2611,38.8296,0
34.9888,26.0681,1
36.1336,27.6511,2
36.5568,27.2531,1
38.4675,31.7996,1
35.7456,25.7245,1
41.307,43.7895,0
35.251,26.6096,1
36.5593,27.2303,1
37.8458,27.0135,2
36.4235,27.184,2
40.9326,42.655,0
40.0745,40.9685,0
38.5991,31.6401,2
35.3836,25.2866,1
37.1946,28.6566,2
35.397,25.6626,1
36.3713,27.0108,2
40.2921,38.4303,0
39.8401,41.8266,0
39.2005,29.1666,1
38.8011,26.4081,2
38.236,38.7913,0
37.6996,26.011,1
38.616,31.052,2
38.8041,40.902,0
37.922,27.1418,1
37.4143,30.3421,1
38.2838,38.777,0
37.4243,35.8953,0
37.6583,26.0688,2
39.8441,41.7038,0
37.199,37.4405,2
37.8918,27.636,2
40.3563,27.5861,1
36.9036,27.7933,2
40.3656,26.8285,1
38.6526,30.8908,1
36.48,27.3636,1
38.9371,43.4071,2
38.25,30.0233,2
40.005,27.8791,2
38.6931,39.9533,0
38.893,43.5268,2
39.4641,25.9435,2
36.471,27.167,1
38.91,43.5813,2
39.3771,26.15,0
38.3246,38.7476,0
38.0918,28.5415,1
39.4376,28.2071,1
39.6008,40.9063,0
38.9955,26.1583,0
39.8318,41.851,0
38.2066,27.2778,1
36.4511,27.1205,1
37.449,30.4103,1
37.926,42.4476,0
39.1018,37.3235,0
36.4711,27.1503,1
39.6701,27.1001,2
37.8636,32.0385,2
36.0503,27.6983,0
38.5911,31.6366,1
37.6728,26.0726,1
35.727,25.772,1
39.4855,41.8053,0
35.2,27.7646,1
37.5176,33.6725,1
36.9815,26.5655,1
36.541,27.2245,1
39.1398,28.1091,2
37.659,29.3581,1
39.8918,39.7225,0
40.9331,26.5735,1
36.4778,27.208,1
36.4348,27.1443,1
37.854,32.1165,2
35.3445,26.0706,1
40.3088,34.3585,0
37.8548,27.0428,2
37.9988,31.1993,1
36.5636,27.2543,1
37.7111,26.0203,2
37.1998,31.0378,1
37.8833,27.3715,2
39.8095,41.7745,0
37.8975,26.9081,1
37.135,28.6413,1
39.0685,28.5895,2
36.8771,26.7615,0
39.2855,27.6875,1
41.1033,43.7101,1
39.8981,41.8346,0
38.9091,43.4586,0
38.505,39.1623,1
35.234,27.739,1
37.0921,28.5123,1
40.5365,34.3731,2
38.113,38.7223,1
38.4455,43.7868,0
39.21,41.6601,0
36.4538,27.1758,0
37.082,38.576,0
37.2783,31.8845,0
38.266,38.8263,0
36.5155,27.1935,1
38.5105,39.104,0
36.9456,26.5101,1
38.8606,43.4883,0
37.4963,32.042,1
37.8786,26.9681,1
36.6588,27.3086,2
39.7906,41.3803,0
37.3281,37.1198,2
39.9716,33.1543,0
35.8415,30.6141,1
39.7365,41.2423,0
38.7751,31.1741,2
40.4955,30.4663,1
36.499,27.2468,1
37.4565,27.6491,1
41.2285,43.8716,2
39.9166,40.781,1
39.8058,29.6688,0
40.7946,31.0401,0
40.0611,30.4196,1
39.9863,33.5253,1
38.9228,29.8521,1
39.0715,27.5135,2
40.569,30.5776,0
38.8478,26.7323,1
37.5675,29.2081,1
40.7343,31.4871,2
38.0888,43.0548,0
36.926,26.5206,1
40.7078,27.4988,2
37.8013,26.8191,2
37.8913,27.0885,1
37.4845,35.8423,2
37.9143,26.923,2
37.1595,37.1315,0
38.1323,42.6166,0
37.9088,26.9261,1
37.8425,26.839,2
36.6938,27.3835,1
41.2026,43.7216,0
37.5805,29.1905,1
38.6805,30.7708,1
37.9288,27.0928,1
39.339,33.368,1
39.6943,27.8123,0
40.538,34.7525,1
39.8268,41.7731,0
40.7313,27.3071,1
41.0716,42.4568,0
39.7183,42.6413,0
36.8353,27.7701,1
38.9678,35.0315,2
37.9086,27.1151,1
38.2638,28.1985,1
37.8981,26.9446,2
38.3608,38.7241,0
36.544,27.2648,1
40.4423,27.6951,2
37.9203,29.2373,2
36.136,36.4703,1
39.3585,27.7271,2
37.4843,30.4628,0
35.2551,25.2766,1
39.7673,26.1238,1
37.4518,35.8895,2
36.5051,27.1448,1
38.97,42.0091,0
39.3311,26.2696,1
41.4033,43.816,2
37.3316,37.1266,2
36.5241,27.2391,1
37.8778,26.9093,1
40.2051,31.7683,1
40.3513,40.1731,0
38.9026,43.4956,2
37.4861,35.0793,0
37.8083,26.869,0
37.071,28.351,1
38.2526,38.8108,0
36.5263,27.2268,1
39.2985,27.8908,1
39.7191,27.97,2
37.597,26.0085,1
37.9051,27.1826,2
39.9938,27.3995,0
37.0115,37.4043,0
41.1581,43.8303,0
37.4748,27.6563,1
38.9623,42.0288,0
35.697,31.74,2
35.0571,25.3825,1
37.8598,26.9843,1
36.4495,28.7001,2
36.5636,27.2025,1
38.7016,34.1966,1
38.8326,31.3883,2
35.263,27.752,1
38.4361,25.95,2
39.6083,39.7575,1
37.3303,35.6738,0
37.2633,27.9316,2
37.9568,37.692,0
38.1893,38.6858,2
39.1403,37.77,0
37.869,26.3781,2
35.3865,25.1753,1
37.3913,26.7496,2
39.729,27.5815,1
39.2921,39.8501,0
38.907,26.0925,0
40.5355,35.4891,1
38.25,42.8865,0
36.5761,28.0415,2
36.2988,27.0423,1
39.4001,26.3443,1
39.4766,32.7125,0
37.4716,27.6646,1
38.7738,38.2028,2
37.2646,37.3773,2
39.0575,44.2041,1
40.1828,34.13,1
38.2578,38.7853,0
39.759,27.5623,2
38.0333,27.1383,1
40.1846,34.1333,1
39.2988,26.8873,1
37.99,38.1613,1
38.1236,39.5063,0
40.4881,35.4148,0
39.731,27.7201,1
38.4963,39.1495,0
37.8653,27.4855,1
41.119,43.8003,0
41.114,34.1826,2
38.2531,38.8023,0
36.4071,27.1513,1
35.201,25.566,1
38.6101,44.4911,0
36.5398,27.1771,1
39.6575,29.457,2
35.23,25.193,1
34.722,28.328,1
38.9313,26.65,1
38.7606,27.7456,1
36.6303,27.2703,1
41.1045,43.709,2
37.8186,26.0851,2
38.7683,38.1773,0
37.05,28.39,2
35.352,25.3655,1
40.4306,33.3861,2
37.6301,26.1008,2
37.8383,30.2475,1
39.8223,41.7991,0
38.6023,31.6458,1
35.204,25.375,2
41.139,43.6881,0
40.7858,31.0385,0
36.4895,27.1343,1
38.2513,38.8005,0
41.1093,34.9113,0
37.8633,32.105,2
37.7428,27.8075,2
38.9511,27.8883,1
35.358,25.8531,1
35.107,33.907,1
36.513,27.17,1
41.1496,43.6846,0
40.061,40.0176,1
36.4483,28.7765,2
36.65,27.4078,1
36.9445,27.353,1
37.4113,30.4003,2
39.1386,27.244,1
35.3981,27.3443,2
37.7061,26.0268,2
38.7601,43.4293,2
36.3033,27.0533,1
35.27,26.184,1
36.3115,27.1433,1
38.0101,26.208,1
36.4911,27.1228,1
39.171,27.371,2
38.2336,28.1743,2
39.151,36.257,0
36.17,30.586,2
37.8213,27.0093,1
36.5146,27.206,2
38.7283,43.6726,2
36.8773,27.367,1
36.5468,27.2125,1
37.8593,29.5193,0
40.9823,31.4946,1
38.3263,31.0545,1
36.5171,27.2353,1
37.5683,26.0685,2
37.3623,28.0896,2
40.6468,36.8336,0
39.2121,29.16,2
38.934,42.0078,0
36.49,27.179,2
40.0066,42.9826,0
37.351,31.8415,2
37.9638,27.161,1
36.5081,27.1873,1
35.9763,27.5668,1
38.5995,31.619,1
38.9081,43.4908,0
38.7243,39.3386,0
40.013,31.9435,1
40.434,42.3135,0
37.124,28.51,2
36.5281,27.1798,1
40.8705,31.6913,0
39.7813,38.9603,0
39.8026,41.808,0
38.9405,26.0231,0
38.6868,30.766,1
39.4206,27.7531,2
37.9198,26.9218,1
37.8321,32.0765,0
36.3536,36.2593,0
39.3506,44.1028,0
37.1023,30.3905,2
39.4695,28.218,0
40.2838,29.4248,1
41.0155,40.7336,1
37.804,27.3105,0
39.1186,32.3251,2
39.0293,30.0561,0
36.4801,27.2421,1
36.4993,27.264,0
38.9218,29.9958,1
38.5841,40.9705,0
38.0853,32.6996,2
34.9461,27.308,1
35.1443,27.7035,1
38.7968,38.1101,2
36.5611,27.2526,1
36.564,27.2418,1
37.6931,29.3493,1
40.992,31.4943,2
41.0835,43.6655,0
38.1905,38.683,1
39.7078,30.9473,1
38.994,25.9101,1
41.1691,43.8343,0
38.8831,27.8206,0
37.8576,27.3363,1
36.5018,27.1985,1
37.8041,32.076,0
39.4316,27.9373,0
36.4838,27.171,1
39.257,40.8005,0
37.6706,26.2983,2
36.9991,29.0831,2
37.4561,37.9765,1
38.983,43.579,0
40.5426,27.7238,2
39.4703,26.3538,1
38.9256,31.3951,2
38.8655,43.5195,2
38.6628,27.507,1
38.4665,39.5713,0
35.1213,27.3521,1
37.0933,28.4796,1
36.9145,27.3063,2
38.3893,44.5306,0
39.0285,27.3826,0
37.4648,35.3206,1
39.504,25.5225,1
39.9488,35.3331,2
40.1405,31.7888,2
37.8775,32.106,2
41.126,43.8185,1
37.9188,27.6245,0
36.6623,31.4426,0
36.454,27.1543,1
37.724,30.081,1
37.1783,35.9053,0
38.6753,30.7788,2
37.141,36.4896,0
34.788,33.0211,2
35.248,26.4221,1
36.6173,27.268,1
37.4273,26.9853,2
40.8733,41.885,0
38.144,34.2698,0
39.6725,27.797,1
36.5108,27.1708,1
40.6485,30.4941,0
36.4898,27.251,1
39.0758,28.3313,2
38.5693,31.6353,2
34.982,26.2623,1
36.4498,27.1963,1
40.179,31.9041,2
38.9105,35.5921,1
40.4461,44.9816,2
34.9005,33.038,0
40.3655,28.6216,0
41.1498,43.888,1
37.1223,44.2743,0
39.777,35.1376,1
41.015,39.1281,0
39.1543,29.49,1
36.8566,35.8458,0
38.2391,38.8188,0
38.946,27.9658,2
38.759,27.7431,1
37.3696,35.0436,0
39.237,27.4545,2
37.037,28.7708,2
40.7895,30.9561,0
36.9101,32.5663,1
35.2606,25.3271,1
36.5233,27.2291,1
38.905,27.88,1
36.5315,27.2805,1
37.8116,27.1443,1
39.648,26.606,1
37.3823,35.0506,0
38.259,38.8401,0
38.2485,38.8101,0
37.915,32.1103,2
40.6763,27.4825,0
36.6245,27.3586,1
37.81,28.792,1
37.8598,26.4488,1
39.4443,28.2271,2
37.6976,26.1166,1
35.5641,26.8263,2
40.9018,41.5043,0
37.852,26.3838,1
39.8303,41.8146,0
39.7601,30.1708,1
36.5408,27.2221,1
37.7161,26.0456,2
41.1485,43.829,0
36.8893,27.6463,0
37.5578,24.1486,2
36.6195,27.2956,1
36.5801,27.3006,1
40.2686,40.8098,0
40.1381,28.8665,2
37.6828,25.9635,1
37.497,45.5216,0
37.8345,27.0541,2
37.831,36.1328,2
36.5068,27.1551,1
36.4938,27.1765,1
40.113,43.5596,0
37.903,29.2931,2
36.4856,27.1095,1
36.8528,27.689,1
39.5596,41.1185,0
39.6991,28.4068,2
39.185,34.134,0
41.574,32.4995,2
37.1601,37.1786,0
38.1406,27.5838,2
39.128,28.5436,1
39.9898,33.1818,2
38.5906,31.6516,1
36.327,29.2433,1
35.1293,27.613,1
37.532,30.2521,0
36.4593,27.196,1
39.9718,41.795,0
38.904,43.5035,2
40.7131,32.9846,1
35.4788,26.0756,1
37.652,26.0095,2
39.9403,28.7163,0
37.6081,29.2071,0
37.0325,28.1408,1
39.978,33.163,0
39.8031,41.8071,0
38.7095,26.5781,1
39.4928,26.8288,1
41.4183,43.8478,2
38.8973,25.9416,0
36.628,27.33,1
38.3046,38.3053,2
34.3905,26.4398,1
37.8966,26.9346,1
40.3981,26.1905,2
36.1455,31.5241,1
38.5773,30.3595,0
38.2875,43.1721,1
38.2646,38.7775,0
38.2693,38.7961,0
36.5456,27.0701,1
36.5285,27.142,2
36.928,27.7208,1
37.6871,26.0821,2
36.4803,30.3143,1
38.1261,38.7096,1
36.6821,27.0971,1
38.041,41.7281,0
36.6685,27.4505,1
38.3495,38.7403,0
37.8821,29.4401,1
37.6558,44.0886,2
38.963,42.0226,0
38.0123,27.1163,1
40.7918,41.5255,2
38.2576,38.8243,0
37.435,30.3928,1
37.4276,30.3766,1
39.0528,27.7943,1
39.3571,40.6883,0
39.7346,30.1915,2
38.0093,29.072,0
36.5488,27.244,1
39.5735,28.7885,1
39.3538,38.8128,0
38.5051,26.6511,2
37.8108,29.6486,1
37.4481,30.3953,1
35.369,24.464,1
38.6066,31.6286,2
35.5778,26.591,1
36.429,27.041,1
37.418,30.3646,1
39.133,33.9205,0
40.5985,36.8101,0
37.6806,29.335,1
39.0803,40.4856,0
38.9365,42.032,1
36.5775,27.3101,1
41.2471,41.6001,0
37.4568,27.6331,1
40.1336,31.7328,0
40.9131,39.8095,0
37.8405,27.3365,2
40.5461,35.7743,0
37.5718,29.5003,2
37.7485,26.9706,1
36.4891,28.756,2
39.7651,33.3555,2
37.1156,37.1651,2
37.3298,35.0075,0
36.4568,27.1648,1
37.7815,26.8766,0
37.4513,30.3925,1
36.6961,27.2923,1
36.4863,27.2481,1
39.2285,27.677,0
40.1796,29.1511,2
36.4586,33.9851,0
40.0696,35.069,2
38.2015,38.6291,0
40.8173,34.8585,1
39.3771,37.3123,2
37.6766,26.0256,2
37.9171,26.9438,1
40.805,31.7266,0
38.614,30.358,2
39.4678,26.0755,2
37.8956,27.0975,2
37.5661,30.4965,2
37.8783,26.933,1
40.667,41.1558,0
37.3726,35.0226,2
35.3528,25.4026,1
41.6186,42.4356,1
39.8108,41.8411,0
37.7795,27.103,1
40.6921,27.3538,1
36.5381,27.2221,2
36.516,27.1626,1
36.2191,36.0615,1
38.6486,43.1198,0
39.794,30.1585,2
37.2608,36.9648,1
40.5353,33.0223,2
38.8776,43.4815,0
37.3003,36.4628,1
39.4426,38.2313,0
38.8936,35.1971,0
38.4815,29.174,2
36.4528,27.1363,1
38.5848,31.6383,1
36.4895,28.7731,2
36.1598,27.7775,2
36.6416,27.6658,1
36.5996,27.2625,1
40.8571,31.5755,1
35.7055,31.426,1
39.4355,28.2585,1
38.9505,26.0395,1
36.3516,28.582,2
40.4593,34.209,0
36.5756,27.2406,1
40.6781,32.9021,0
39.8811,28.7805,1
40.8391,33.7576,0
36.5888,27.2291,1
37.8391,29.5818,1
39.016,40.4546,0
38.3741,38.1765,1
38.9748,32.93,2
35.304,38.6961,1
37.9388,27.1226,1
37.1295,28.645,2
39.6611,28.423,1
37.8326,26.063,2
37.8041,26.9496,0
38.1636,39.1751,1
36.6848,27.1655,2
37.8843,26.9728,1
39.465,41.2083,1
38.44,39.2123,0
40.5966,36.7481,0
39.6985,39.5318,0
39.3266,42.1131,2
36.6098,27.2118,1
38.4096,39.1631,2
39.9696,35.3248,1
41.0573,43.8206,2
37.8373,32.1011,1
36.509,27.1976,1
39.3661,33.4426,0
38.5786,31.6183,0
36.5086,27.1426,1
36.9386,27.6431,1
38.8036,31.3366,1
39.7838,43.3948,0
36.0351,28.471,2
35.8466,27.5916,2
37.828,26.9873,1
38.8943,34.861,2
36.62,27.0865,1
36.8988,27.4771,2
38.651,39.8168,0
37.8311,27.171,2
38.807,27.1018,2
37.8018,29.7653,2
36.9296,27.9033,1
38.9961,26.7725,0
37.6663,26.0195,1
36.3985,27.1648,1
39.0311,32.7963,0
38.6431,43.1238,0
36.5953,27.4793,1
37.8673,26.4006,2
37.6951,29.3766,2
40.6436,30.463,0
36.7056,42.3111,1
38.2453,38.8135,0
41.1618,43.7313,0
36.4743,27.1366,2
38.3698,39.1286,0
38.8728,28.1795,1
37.8013,26.5628,2
37.0561,35.7406,2
38.7651,38.1511,0
35.7683,27.4356,1
38.9233,41.5025,0
37.8291,27.6075,1
36.4503,29.5628,1
38.759,31.1656,2
35.6965,28.3045,2
39.5636,27.9105,2
39.5318,33.095,2
40.1666,40.9575,0
40.6051,36.7633,0
37.8816,35.2438,2
37.4803,30.4633,1
38.468,31.7835,2
39.2616,37.0805,0
38.9595,25.6295,1
36.9008,27.9958,2
36.5436,27.3111,1
37.9508,27.1543,2
37.8535,29.4888,1
41.1738,43.7978,2
40.984,32.6925,0
37.7315,29.2656,2
40.5008,27.0778,1
38.6608,31.6386,1
39.1678,40.2168,0
35.7711,25.833,1
39.596,34.3456,1
39.7418,40.7521,0
39.9021,33.2165,0
38.8461,27.7536,2
40.6491,30.4876,0
37.7936,27.5478,2
40.342,30.1663,1
36.811,30.3816,2
38.634,43.1113,0
35.2241,27.631,1
39.6348,30.045,1
38.4953,42.9451,0
36.5363,27.2115,1
37.6498,29.191,1
39.4381,27.999,2
37.0593,39.3413,0
37.7863,29.6853,2
37.2168,36.9701,1
37.883,26.9645,1
37.6126,26.7858,1
38.1161,25.4796,2
38.07,27.2453,1
38.9881,43.6225,0
36.5903,27.2155,1
38.9616,30.1031,0
36.5531,27.2763,1
41.1413,43.7985,0
41.3521,41.4063,0
35.5745,28.7891,1
36.0078,30.6821,1
37.3363,36.2425,1
40.481,35.2876,2
41.1746,43.8071,0
40.6538,30.4035,1
38.6708,31.367,2
38.3931,29.9446,1
36.0325,30.3428,2
38.315,44.7818,1
37.8961,27.6413,1
39.5021,26.2738,1
37.4701,30.4453,2
40.834,28.0445,0
37.874,26.9868,1
35.341,25.227,1
39.776,41.8706,0
41.2018,43.8438,2
38.9256,26.6963,1
38.4943,29.1643,0
40.1436,31.8006,2
39.6531,28.5296,0
41.1075,43.6045,0
37.3888,35.0523,0
38.5946,28.0691,2
37.8606,29.676,1
37.9163,27.1721,1
36.9456,27.7538,1
35.2183,26.3025,1
36.534,27.3026,1
40.4158,34.9368,1
36.4223,27.05,1
37.8066,29.6433,1
37.8815,27.7008,1
40.3773,26.8883,2
36.517,27.2223,1
38.6505,43.1916,0
36.5243,27.156,1
37.8008,26.9326,2
35.3568,27.6625,2
38.47,30.5216,2
38.665,43.1453,0
38.574,43.1626,0
35.7115,26.5833,1
36.5053,27.1305,1
36.1301,29.8643,1
38.9033,43.5128,2
37.0678,27.7078,1
38.0638,32.7456,2
38.8911,43.5416,2
41.1895,43.8261,0
39.0281,27.8631,2
38.2626,38.8156,0
36.9996,30.3281,1
36.9906,29.671,2
41.1653,43.7158,0
38.2565,38.6321,0
35.1,26.776,2
37.906,26.9143,1
38.5181,39.0985,0
35.1888,25.4581,1
38.6278,43.2211,0
36.6336,27.5623,1
36.6085,27.347,1
40.4161,35.01,1
40.0125,27.3943,0
37.897,26.9651,2
38.831,31.5338,1
37.4415,30.375,2
38.0075,26.8026,2
38.437,39.243,0
39.936,35.4988,1
40.6898,34.0546,2
39.8091,41.826,0
37.807,29.625,1
36.9738,27.7575,1
38.1805,28.9085,2
39.1258,36.0306,0
39.8431,41.8125,0
38.4811,29.144,2
40.7656,27.4466,2
39.1055,29.0675,2
36.9203,27.6741,2
37.891,29.4906,2
37.5953,36.6941,0
37.903,27.1458,1
40.5805,42.1895,0
40.7965,31.3413,2
34.956,33.079,0
37.1203,28.503,0
40.8288,39.2316,0
37.94,27.1238,1
37.8893,26.9831,2
37.903,29.1628,2
38.0021,38.122,2
38.2835,28.2706,2
36.5981,27.2131,0
38.5555,39.5455,0
37.9971,27.1593,1
37.5678,29.4828,2
39.9285,39.5475,0
37.8818,26.9633,2
38.663,38.693,0
40.3538,33.4388,1
36.5473,27.0751,2
37.75,25.927,1
39.2646,25.8886,2
39.0965,27.8006,1
39.5146,27.1073,1
36.6115,27.3258,1
36.5765,27.2973,1
36.7936,30.3936,0
39.0913,37.3378,0
40.1313,31.7801,0
35.1756,25.5561,1
37.274,37.4805,1
37.8226,32.0793,2
39.1665,27.4871,1
36.4911,28.6853,2
39.2983,26.0453,1
40.342,25.8886,1
39.9333,26.8435,2
38.6286,39.4653,0
38.654,31.4826,1
39.3393,33.1853,2
39.629,42.658,0
38.6616,43.1953,1
38.6176,31.6535,1
39.7375,33.3365,2
35.3388,27.4995,0
37.9143,29.285,2
39.547,28.0238,2
40.098,40.9818,0
38.751,30.8585,0
38.2381,38.8016,0
38.265,38.829,0
41.1596,43.8371,0
36.5288,27.2073,1
36.563,27.1836,1
39.5513,26.111,0
40.2118,27.0661,1
38.879,43.518,0
36.5875,27.398,1
37.5518,29.8006,2
39.877,41.4145,0
37.0393,28.1373,1
38.9438,43.5153,0
38.2163,28.7978,1
39.0288,37.983,2
36.4875,27.1733,1
37.8715,26.4505,1
36.5011,27.1855,1
38.6378,43.153,0
36.707,33.7845,2
37.0481,28.3643,2
35.655,31.2075,1
38.9526,26.0216,1
37.8785,27.607,2
37.509,30.5031,1
40.1826,42.9983,2
37.8436,32.0446,0
39.884,41.8536,0
39.1178,39.0151,0
37.7418,26.1735,1
36.5158,27.2098,1
38.8331,31.3968,2
37.8096,32.0773,0
38.2596,38.791,0
40.3216,25.91,2
37.8706,26.8598,2
37.8546,30.6641,2
39.7625,26.8508,2
41.1561,43.773,0
39.1091,27.938,2
36.5466,27.2808,1
37.1616,30.6843,2
39.807,41.422,1
37.88,27.6275,2
36.6215,27.2643,1
36.9873,29.0923,2
36.717,23.7993,2
38.5573,39.5005,0
37.4386,30.3778,2
38.5898,31.686,2
39.7541,41.2881,0
36.55,27.2385,1
36.5523,27.3806,1
39.9671,37.5433,0
38.6383,30.8795,1
38.7178,43.112,1
39.5133,38.115,2
39.3031,34.2168,1
34.9788,26.0543,2
40.2071,29.2823,2
36.5948,27.3146,1
36.514,27.2818,1
39.1366,29.4588,0
38.8566,37.8336,0
38.4108,26.8303,2
37.9276,27.1326,2
39.6995,28.4171,0
41.1755,43.827,1
36.9465,27.3416,1
38.2778,38.729,0
38.7628,43.5055,2
37.0555,27.6655,1
36.5375,28.387,2
38.3813,27.685,1
37.3501,28.104,1
40.023,28.6065,2
36.9995,27.8785,2
40.326,27.0038,2
36.4691,27.6891,1
37.0491,28.3551,0
38.8925,43.515,2
40.4565,42.6681,0
38.0433,43.0041,0
39.0363,43.8545,0
37.8686,26.9115,1
37.8588,26.5266,2
36.451,27.189,1
39.9236,39.152,0
36.426,27.1578,1
38.9373,26.051,2
39.7006,28.4058,1
37.6631,29.3563,1
35.4988,26.3786,1
36.4628,27.07,2
38.6981,34.194,1
40.4331,29.0523,2
37.9946,38.166,1
37.7255,32.0083,2
35.314,26.9813,1
36.6401,25.854,1
39.1221,34.2483,0
38.2505,38.787,1
37.7398,26.1681,2
37.9193,26.9291,2
37.2173,29.0656,1
36.519,27.2183,1
39.742,30.1661,2
38.9351,25.9921,2
37.7021,26.042,2
37.8511,26.91,2
38.9933,35.0116,0
38.4331,39.2273,1
35.196,27.775,1
39.256,27.6695,2
38.3033,35.7806,0
38.3903,44.5105,2
41.1308,43.7146,2
37.9265,26.9383,1
38.7256,43.599,0
37.3666,35.048,0
40.1863,31.7235,2
36.3076,36.4793,0
37.7133,26.165,2
37.9003,27.1628,1
38.2423,38.8025,0
35.7523,31.3811,2
38.065,35.1321,1
36.5291,27.301,1
36.6095,27.2441,1
40.2191,29.107,2
36.4935,27.6808,2
42.9953,27.6695,1
37.1673,37.4688,0
39.4353,28.2231,2
36.3306,29.3291,1
36.4735,27.1013,1
39.4618,33.0725,0
39.2738,41.0206,2
40.3608,42.2296,1
37.6103,29.2011,1
39.0435,25.9306,2
38.4905,26.688,2
35.3163,26.144,1
40.2203,36.5206,0
38.1333,38.7,1
40.5976,40.894,0
37.6333,27.1448,2
36.4886,27.2295,1
36.6311,27.8918,2
39.8265,41.4908,0
38.4531,33.8816,2
36.384,27.0728,1
40.874,31.6901,1
39.7801,41.8648,0
39.1441,40.0251,2
36.5178,27.1366,1
39.5346,26.2136,1
37.997,38.1771,1
37.4546,30.4105,1
39.061,41.7546,2
37.9283,27.1301,1
35.3195,25.2703,1
35.1738,23.8175,2
37.445,38.0436,0
37.1705,27.8206,2
38.9891,30.2123,2
35.0788,27.4801,1
36.4783,27.1845,1
37.879,32.1156,0
38.2031,38.6008,0
37.9685,27.6231,1
36.2788,27.0415,1
40.7591,31.6505,0
40.1803,29.1533,0
40.3346,27.543,0
40.0675,44.3281,0
39.6271,38.6255,0
40.4338,35.7233,0
37.6491,26.031,2
41.1585,43.6628,0
34.3718,26.8001,1
40.3321,39.6468,0
36.682,27.5318,1
37.909,26.533,0
37.9575,27.0973,1
37.4048,34.4105,1
38.3846,33.9281,1
38.9003,43.817,0
37.8016,27.1135,2
36.8231,26.8903,2
38.0635,42.822,0
38.4896,44.3448,1
38.6593,43.186,0
38.8355,27.614,1
36.4808,27.1541,1
41.1885,43.8133,2
36.778,27.3113,1
36.4728,27.0976,1
39.1203,29.0465,0
39.706,26.062,1
40.3743,42.2466,1
40.4981,37.0621,0
40.6083,27.5238,2
38.3306,39.2205,0
37.8285,29.233,0
40.8885,31.939,0
35.564,27.079,1
36.2558,31.3445,1
40.2463,38.8406,1
36.4858,27.2113,1
39.6131,43.8318,2
38.8585,41.9486,0
37.8808,30.5746,1
35.9121,27.105,1
40.607,35.3565,2
38.9323,26.0261,2
36.8701,28.9561,1
39.823,41.8146,1
39.34,38.2943,0
37.8965,26.7103,1
39.8318,29.3043,1
36.5933,27.3158,1
38.5903,39.3625,0
34.7105,26.954,0
39.8018,41.8543,0
34.8161,31.6455,1
37.4438,30.389,1
38.083,38.3493,0
42.3361,46.13,0
39.086,27.5728,1
39.087,28.9971,1
36.5248,27.5375,1
35.484,24.109,0
40.8005,31.0756,1
36.4928,27.105,1
35.7028,29.119,2
39.9088,40.0466,0
38.2626,38.7871,0
38.9808,42.0811,0
37.1826,37.4686,0
37.4513,30.3841,0
41.1381,43.8271,0
37.4415,35.9316,1
36.5158,27.2463,1
39.323,33.3708,0
35.169,25.255,1
39.2033,28.901,2
39.5496,27.8163,2
37.2706,31.1683,1
39.7365,43.9261,0
35.9063,31.4835,1
36.4638,27.156,1
41.163,41.8498,0
36.3783,27.178,1
38.395,39.1995,2
36.6318,27.3085,1
39.7706,29.4943,1
39.8481,41.9298,0
39.756,30.1798,2
36.6095,27.2706,2
37.1911,31.9393,2
35.2475,25.7591,1
36.9415,28.9073,1
35.09,26.168,1
38.4791,29.1395,1
40.4303,39.5658,1
38.1276,38.7021,1
38.9308,41.9893,0
36.5231,27.2066,1
37.2553,36.434,0
41.2113,43.926,0
36.5811,27.3098,1
36.517,27.1765,1
41.23,41.5993,0
36.4816,27.1615,1
40.4075,39.3175,0
37.8426,26.9461,1
40.4748,34.2145,2
36.04,29.0715,2
37.925,37.9906,0
37.8423,32.1025,2
39.703,28.4026,1
41.702,32.5448,1
35.691,26.285,1
35.3968,36.479,0
39.0506,27.8493,1
39.8191,41.8303,0
35.987,27.5081,2
36.558,42.3058,1
37.8841,26.8856,1
40.0961,40.9451,1
41.1415,43.7926,0
37.9426,34.723,1
35.226,25.299,1
40.0213,33.1238,0
37.6786,26.0246,2
36.4945,27.0963,1
36.946,27.7093,2
36.4455,27.1156,1
37.4585,27.6341,1
38.4788,39.2408,0
39.963,40.5868,0
37.0071,28.1433,1
40.624,36.7538,0
40.1933,31.8693,1
37.8768,26.3726,2
37.8131,32.1216,0
36.499,28.7591,0
38.9536,26.0755,1
39.9348,39.153,2
37.8965,34.0111,2
41.2008,43.8628,0
37.1788,39.2196,2
36.5111,27.2261,1
37.6183,26.0556,2
37.8668,32.0921,0
36.5131,27.1301,1
37.5525,30.5791,0
38.124,38.5565,1
39.1213,37.3135,0
36.5326,27.1618,1
37.8516,27.0191,1
39.5691,41.4481,0
37.6956,26.1403,2
37.698,26.0275,1
36.3911,28.1755,1
37.9313,27.1818,1
36.3746,28.7505,1
39.3353,33.3536,0
38.3841,44.3085,0
37.8568,32.0931,2
38.4803,43.9626,0
40.0918,43.2368,0
37.4676,30.4108,0
40.5483,36.6118,0
36.5813,27.2806,1
36.9838,27.3568,1
40.9688,28.7978,1
36.5486,27.103,1
39.8535,41.8196,0
36.7891,27.6025,1
38.3343,38.7441,0
38.8445,27.1533,1
37.1393,28.4988,2
35.0683,25.729,1
38.4626,26.376,1
38.3293,38.7506,1
37.175,36.3628,1
40.2568,33.3711,2
37.842,26.977,2
39.088,28.3336,0
37.4443,30.3843,1
41.1705,43.8853,0
37.93,32.143,0
41.4128,25.7003,1
38.4016,29.9633,1
38.3901,33.1875,2
38.7705,31.3043,1
38.9328,43.4975,0
37.0663,31.9418,1
39.9621,37.5601,0
39.231,40.0088,1
36.5393,27.1671,1
38.7743,38.1578,0
39.722,27.574,2
40.8015,31.057,1
37.6813,29.1453,1
36.8228,27.3005,1
37.8598,27.6383,2
38.4585,29.1726,0
38.9428,42.0063,0
37.4353,30.3866,1
37.7316,29.118,1
37.7456,26.0943,2
35.0398,28.596,1
37.0618,28.4391,2
39.9308,39.682,0
40.423,27.0161,1
40.6915,29.1173,0
38.2683,38.8085,0
37.3018,28.261,0
37.8176,29.6351,1
40.1175,41.0601,0
39.775,39.0725,0
39.9301,43.284,0
36.5615,27.2325,1
38.624,31.0691,2
37.0585,28.3725,0
39.829,39.0393,0
37.1546,37.0648,2
36.4958,27.1915,1
36.499,27.1398,2
37.3231,37.1993,1
38.9426,25.5331,2
36.596,28.474,1
38.4718,39.009,1
39.3071,27.9081,1
38.46,29.1308,1
36.085,27.7945,2
40.357,26.9181,2
38.596,31.6333,1
36.379,27.119,1
37.8478,32.093,2
35.5586,25.905,1
37.668,26.0095,2
36.5661,29.6151,1
41.1131,43.7136,0
36.5855,27.3545,1
38.4803,39.2878,0
39.4763,26.3765,1
36.5645,27.2876,1
36.5925,27.305,1
37.9555,28.7875,0
34.722,32.125,0
38.965,42.0118,0
36.2468,35.8516,0
40.0913,35.5551,1
37.1033,30.0776,2
38.127,34.6783,0
39.8276,34.0146,0
38.2391,38.7846,0
37.8918,35.1591,0
37.6875,26.0673,1
36.588,27.2635,1
37.8791,26.9251,1
39.8815,28.8463,0
40.711,23.985,1
35.4953,25.4536,1
36.4713,27.2548,1
37.8498,26.9556,1
37.688,28.9396,2
38.9586,42.0291,0
39.9048,39.165,0
38.4945,39.2326,1
39.8871,39.6441,1
37.6591,26.9563,1
37.1618,35.857,0
38.2758,38.83,0
39.7325,30.1708,0
36.099,31.4998,0
40.3653,34.9376,1
36.154,27.0501,2
37.4633,27.66,1
39.4685,33.9873,1
39.0911,27.5271,1
36.5585,27.1943,1
36.576,27.224,1
39.964,38.534,0
37.6775,25.9728,0
35.1248,27.5631,1
36.0955,28.8053,2
39.4856,28.1893,1
37.7241,26.218,2
36.507,27.1525,1
37.2911,36.9661,0
39.4601,36.7105,1
37.7336,26.112,1
38.6546,26.4723,1
38.2048,30.9011,2
37.1158,28.3311,2
38.6481,43.1635,0
39.012,26.1921,1
39.9545,28.779,1
36.3663,27.0753,1
39.01,30.1416,1
39.9935,41.7228,0
39.889,28.7366,0
36.6875,36.2776,2
36.2268,26.9515,1
38.2368,38.7763,0
37.692,26.0883,2
37.4436,38.4911,1
37.4478,30.3816,1
36.2933,26.9568,2
38.784,32.9503,0
36.8953,27.6746,1
37.8621,26.982,1
41.1428,34.1805,2
37.1035,28.7146,1
39.5783,33.5728,1
37.9081,27.2111,0
37.0645,28.3868,2
38.6991,39.9158,0
35.9556,29.5486,2
40.4886,34.2583,2
37.8408,32.1056,2
37.9163,30.6451,2
39.5096,28.8291,2
37.4623,30.3281,2
36.5591,27.3265,1
39.2633,39.838,0
37.737,26.0441,2
37.5528,44.7318,0
36.1181,27.7401,2
36.5501,27.1793,1
37.9503,27.2295,0
37.3731,35.0458,0
40.5041,29.0971,2
36.3816,29.0995,2
39.1346,36.0165,0
38.5951,39.6206,0
36.5193,27.204,1
37.099,28.208,1
38.5806,30.369,1
41.9638,33.681,0
37.7871,32.1996,1
39.4198,31.5408,1
39.9833,28.9408,0
36.4195,27.2113,1
38.2903,38.7248,1
37.7326,25.9885,2
38.6843,30.7643,1
36.5928,28.564,2
37.0791,28.3515,2
39.9938,28.6223,2
36.5268,27.2396,1
37.3145,31.9075,2
37.6583,36.4281,2
40.1503,31.762,0
36.5885,29.4448,1
38.5565,29.1971,1
38.3725,38.677,0
38.1656,38.6808,0
37.8408,26.435,1
37.8725,32.1198,2
37.8276,26.9893,1
36.4718,27.1025,2
38.1288,28.9803,2
36.559,27.2465,1
37.61,29.1978,1
38.7661,38.18,2
36.412,27.5985,1
40.258,41.4376,0
38.2798,38.9476,1
36.301,27.0268,1
40.0153,41.4316,1
38.146,38.5601,0
35.8446,29.7798,1
35.9411,29.6901,1
40.1856,27.2386,2
36.5575,30.6315,2
37.164,28.645,1
36.5213,27.1833,1
39.113,27.8748,2
38.5843,31.5938,1
36.6966,27.4018,1
40.781,28.0598,1
38.296,38.9913,0
40.565,27.4423,1
38.9013,43.5,0
36.5606,27.1373,1
35.4,26.9921,1
36.4491,27.136,1
40.96,36.6906,0
37.8046,33.0056,1
39.1056,33.2551,0
36.461,28.6906,2
36.5306,27.8465,1
41.1836,43.7946,0
40.5976,35.3401,2
36.4926,27.1701,1
37.1108,28.4611,1
37.8801,27.6073,2
37.5351,30.5406,1
41.942,33.6528,0
38.9015,40.0073,0
41.1016,43.7898,0
40.3536,25.7715,2
39.102,33.4595,0
37.9203,27.1361,2
39.9878,39.5671,0
38.9871,25.8148,1
36.6021,27.3311,1
37.0368,28.3193,2
39.0925,36.048,1
37.0606,28.0305,1
36.5146,27.9953,2
40.8076,31.6035,0
36.6868,27.4761,1
38.2631,38.7873,1
40.8625,39.7356,1
37.94,27.5595,2
36.4606,27.1621,1
36.527,27.1868,1
39.2361,27.7461,2
39.5656,28.7778,1
40.5153,35.8781,2
38.3663,38.6606,1
36.4603,27.1085,1
37.8185,29.2301,1
37.1186,38.705,2
41.1363,34.1746,0
36.8436,30.335,1
38.6493,30.922,1
37.4548,30.4193,1
37.6276,25.9991,2
39.3673,40.769,0
38.2443,38.827,0
37.8306,26.9986,2
39.093,29.0295,0
41.4191,28.193,2
39.0288,41.8873,1
39.6553,40.4963,1
40.6081,35.3578,0
39.4156,38.2226,0
37.8766,27.1496,1
38.518,29.1455,1
37.8036,26.9353,1
38.975,42.015,0
37.1873,28.3018,2
37.4641,34.9183,1
37.613,26.8998,1
37.6051,26.8316,0
37.7808,26.19,2
38.2946,30.2828,1
40.1933,28.8913,0
38.262,38.8023,0
38.3016,38.8355,0
37.367,36.1103,0
40.4403,29.4826,0
38.4216,39.2265,0
35.9306,26.436,1
36.4993,27.1821,1
36.5551,27.2275,1
36.898,27.5406,1
39.694,28.4118,0
39.4648,33.0788,0
36.2021,28.8381,2
36.5038,27.189,1
35.626,25.999,1
41.4005,34.9835,0
36.315,28.403,1
37.855,29.5155,1
38.0303,29.0421,2
36.2441,28.9226,0
36.0658,28.1105,1
37.9335,27.1183,1
39.0146,27.955,1
39.985,33.163,1
38.6821,27.4821,1
38.1115,28.5391,2
39.0941,37.4208,2
36.4538,27.1883,1
34.8288,26.5825,1
40.6626,29.3511,2
39.1393,37.3488,1
34.793,26.568,1
39.8161,41.8485,0
40.9771,24.5411,1
38.4625,31.8533,1
37.8885,27.0758,2
37.8611,32.1028,2
39.5416,28.9675,1
40.17,31.705,1
37.6743,27.1586,2
35.3871,25.3501,1
37.926,27.0986,1
36.4771,27.181,1
37.5475,30.0286,1
37.8345,26.8718,1
38.0163,43.0283,0
40.2921,34.554,0
38.9535,43.5311,0
37.8425,32.099,2
37.7905,29.6196,1
37.994,27.1111,1
38.6791,43.1348,0
41.015,43.779,0
38.2588,38.771,0
39.4818,28.9785,2
40.2686,24.1458,2
37.3746,26.8836,0
37.0343,36.99,0
39.2661,27.8503,1
40.6976,27.3825,1
39.815,41.7991,0
41.0268,43.7615,0
36.8501,38.9285,2
38.4548,40.1686,0
40.0221,39.8975,2
36.454,27.1358,1
37.9018,27.1741,1
41.1541,36.9076,0
38.9395,26.0788,2
41.3088,43.8985,0
38.1881,38.5963,0
36.5015,27.274,1
37.1076,38.699,0
36.5775,27.2135,1
38.7266,30.9631,2
40.2826,29.105,1
36.6623,28.4095,0
39.1895,27.774,1
39.2951,33.3036,0
38.9043,43.5193,0
37.6896,26.0455,1
34.6303,31.6395,0
39.6568,37.3516,0
38.434,38.7378,0
37.2495,35.9318,0
42.662,27.211,2
37.8781,26.9026,0
37.9038,34.0501,2
38.972,27.8731,2
37.855,27.1486,1
37.0518,28.2913,1
36.5481,27.1731,1
38.5588,26.0211,1
36.613,29.7585,0
38.0478,31.1936,1
36.4696,27.153,1
36.6256,28.6856,2
38.5808,39.609,1
36.6083,27.2835,1
38.5991,30.358,1
38.1056,28.9791,2
36.4291,38.7761,0
40.746,31.4755,2
35.6286,28.2758,2
41.0568,43.7305,0
39.8125,26.16,1
36.527,27.177,1
39.8698,28.8733,2
36.8518,28.002,1
38.8716,28.1741,1
39.0975,37.3503,0
41.3825,33.6663,0
38.5411,44.5315,2
39.1255,29.0575,2
37.9383,27.1083,1
39.8686,43.1248,0
37.864,26.84,2
38.2861,38.754,0
39.3433,40.9013,0
38.551,39.568,2
38.8663,28.1868,1
35.853,27.0803,1
37.138,37.208,0
38.1915,28.8383,0
39.01,27.8968,0
36.5573,27.2988,1
38.7991,30.4256,2
37.4543,30.3993,1
36.354,27.068,1
38.4205,27.711,2
39.6168,39.7103,0
37.9508,27.0581,1
37.5508,38.7951,2
36.4898,27.1753,1
40.5833,42.1591,0
37.8648,29.526,1
40.7443,31.9298,2
38.2851,38.765,0
38.7945,27.7523,1
37.0265,27.7613,1
38.616,43.1386,0
37.852,26.522,1
39.8278,41.8266,0
41.1875,43.8555,2
38.7563,38.1868,0
37.7378,27.0031,1
39.0795,27.5316,1
39.5431,33.1586,2
36.5648,27.2643,1
37.0528,28.3873,2
37.4746,30.4366,1
35.086,28.3483,2
39.8301,41.3945,2
36.5618,27.1966,1
37.7321,26.068,1
39.0016,25.8813,1
36.5335,27.2635,1
36.5763,28.0843,2
36.0048,28.5205,2
35.8865,31.5765,2
37.4561,27.6598,1
39.208,29.171,2
36.4971,27.1685,1
37.8215,27.0403,1
36.8548,28.0016,1
40.6515,42.5351,2
37.6743,26.0736,1
42.6,27.101,1
37.9378,27.118,1
41.328,43.9421,0
39.4715,31.545,0
36.579,27.3155,1
40.5218,35.4571,1
37.4921,42.3755,0
38.2941,38.906,1
37.7213,26.2493,2
39.6973,30.2106,0
40.7753,27.5446,2
39.7885,41.8421,0
40.1508,31.7871,2
41.31,43.8945,0
37.8178,26.7983,1
37.5693,26.8035,1
38.5843,39.6148,2
36.1265,27.2896,1
37.4491,30.4243,1
35.2521,33.0988,1
37.8585,32.0921,0
39.9226,39.1365,2
38.2638,42.4705,0
38.8963,43.6491,2
38.4433,29.1068,2
38.4596,34.0895,0
38.7261,27.8131,0
37.2773,42.1796,0
37.8425,29.2643,1
36.583,27.235,1
37.8915,27.6145,2
39.4443,27.9321,2
35.2636,27.624,1
38.9323,26.0296,1
37.843,26.9395,1
38.9395,28.9751,2
40.7396,27.6183,2
39.765,40.4973,1
36.4605,27.1726,2
40.1566,31.9165,1
36.1471,27.2803,1
36.847,26.6283,1
38.2536,38.7588,0
38.9693,42.0056,0
37.604,25.885,2
37.7155,25.8901,1
37.8606,29.2931,1
37.1718,35.9081,1
40.1126,40.4906,0
37.6911,26.0751,2
40.1825,40.5426,0
42.9551,27.6396,0
36.5511,27.2011,1
39.3101,33.995,0
37.6723,27.1835,1
40.1046,24.3963,0
39.8871,40.0548,0
39.8121,41.8371,0
36.1448,27.6761,2
39.737,34.7248,0
38.5231,29.1685,2
36.4373,28.5026,1
37.9448,27.1078,1
38.564,28.4338,1
39.3,40.4628,0
36.2998,27.0721,1
36.557,27.2146,1
36.5396,27.2153,1
39.0656,27.565,0
38.478,31.8073,1
38.844,31.5233,0
40.3068,30.7253,0
38.903,43.5131,2
38.7631,38.1401,2
40.3881,34.8205,0
37.88,26.4111,1
39.5396,26.169,2
37.949,27.0951,0
39.8618,28.8466,0
37.8408,29.6945,1
38.5403,44.6463,0
40.0331,27.8536,1
39.6676,41.7335,0
39.8773,28.8146,0
38.4585,29.1268,0
36.5026,27.2068,1
38.7735,26.5293,0
39.0781,27.557,1
38.4095,39.2448,1
38.9245,43.5101,0
37.8335,32.1051,2
39.3103,29.0183,1
38.0368,38.1848,2
37.876,26.7505,1
36.5478,27.2831,2
36.8373,26.8906,1
37.8286,27.131,2
38.2506,38.821,0
35.217,25.21,2
37.6778,26.957,1
35.86,31.411,1
36.5641,27.297,1
38.6213,28.362,2
39.0578,37.3283,0
37.8685,32.0496,0
35.9648,31.569,1
36.4846,27.181,1
40.404,35.0026,1
39.8498,39.0265,0
38.2518,38.8101,0
38.28,38.7778,0
37.7116,25.8941,0
36.4905,27.1296,1
37.12,27.259,1
36.5421,38.6838,0
36.9976,28.1846,1
37.853,29.243,2
40.6376,36.1263,0
36.9331,29.3486,2
39.5428,25.998,1
38.6706,33.8176,2
36.3633,27.4215,2
37.8688,32.0933,2
36.4906,27.1455,2
36.7186,42.3408,1
37.6933,29.222,1
38.3583,38.7778,1
39.099,30.091,0
35.6943,29.3243,1
38.9923,27.8558,1
36.8425,29.2368,1
35.6303,31.3871,2
37.9845,35.6263,0
36.6051,27.2241,1
35.427,25.377,1
38.9408,42.0356,0
36.9303,28.747,2
38.7765,38.1651,0
40.8116,31.4573,0
38.8278,40.3098,0
40.2706,43.0271,0
39.0983,28.1825,1
38.5856,31.6441,1
36.0748,31.397,1
42.526,43.5736,0
39.8153,41.8036,0
37.0805,37.0845,0
37.643,25.9441,2
38.2765,38.8438,2
41.1485,44.0145,0
38.7866,38.123,0
41.3035,43.756,0
40.0665,35.2428,2
37.8665,26.9041,2
39.925,40.7706,0
37.0746,28.8475,2
37.863,26.5665,2
35.1555,27.51,1
36.5253,27.1665,1
36.938,27.653,2
41.1943,41.3213,0
36.5535,27.1936,1
37.8543,29.2441,2
38.332,30.94,0
37.4823,30.4145,1
36.5138,27.1608,1
36.5153,27.028,2
38.7838,31.3123,1
38.3445,38.188,0
37.0301,36.4118,0
37.8708,26.419,2
39.3895,26.1365,1
41.3475,43.7073,0
38.2598,38.792,0
37.0193,38.8801,2
37.0368,28.1855,0
40.9545,33.5788,1
38.908,43.4721,0
39.0888,26.4406,2
36.9128,27.4241,1
38.229,38.8193,2
38.3755,39.1301,0
37.0986,38.7531,2
35.3653,26.5295,0
39.9658,33.5083,2
38.6398,44.1506,2
40.1585,38.2546,0
38.92,43.529,0
38.8685,43.6221,0
40.225,31.8651,2
40.2541,33.5378,2
40.8033,31.725,0
38.0521,42.6415,0
36.9341,27.678,2
39.4506,28.1951,2
39.3553,37.8978,0
39.7956,30.1521,2
37.9358,28.759,1
37.0458,31.888,0
36.3933,27.0553,1
40.6995,27.508,1
38.491,30.6963,1
39.434,38.59,0
38.1405,34.955,2
37.8956,26.9708,1
38.9213,43.7631,2
40.7031,29.8585,1
39.3446,37.9053,0
37.801,29.6311,1
37.8615,32.0981,0
37.508,29.2638,2
38.3546,43.1603,0
36.4791,27.1536,1
39.839,40.2075,0
39.9051,39.1473,0
36.9273,28.023,1
36.465,27.1863,1
38.9091,43.3886,0
37.9491,27.1185,1
40.3443,26.0111,1
39.8416,28.9066,0
38.5756,26.7491,1
39.4451,28.2196,0
38.6003,31.6446,1
38.5363,39.5233,0
37.7351,25.988,2
38.5993,29.083,2
36.477,27.1933,1
40.5553,36.4826,0
38.3826,44.3741,0
38.6425,27.5358,1
34.9745,25.2721,2
38.8983,43.5095,2
37.9033,27.0106,2
36.5508,27.1598,1
38.2201,38.162,0
36.5386,27.1381,1
35.0191,27.476,1
39.8058,41.8391,0
42.1086,42.6731,0
37.9386,29.2416,2
38.4638,39.0748,2
40.4805,35.4081,0
38.2453,30.0176,2
41.0926,35.6748,0
40.1786,31.7305,1
37.8805,27.723,1
39.1583,27.358,2
38.7508,43.487,0
35.9856,27.4,2
38.2743,38.852,0
35.0756,26.1166,1
38.3366,38.8221,0
36.9115,27.5955,2
37.9361,28.8391,2
38.39,39.0973,0
38.902,38.2365,0
40.7081,27.363,1
41.3486,41.6596,0
37.6748,26.0396,1
36.5508,27.268,1
38.5966,39.8488,0
38.77,43.3801,0
38.1191,27.3985,0
35.694,27.8056,1
36.4566,27.1863,1
39.1838,27.4951,1
38.627,43.2131,0
38.2726,38.7453,0
37.075,28.24,0
36.5681,27.06,1
36.9605,27.7166,1
39.873,41.7506,0
39.8306,41.7951,0
38.9575,42.043,0
40.4418,42.3311,0
36.5875,27.2281,1
36.1511,31.3543,1
38.6131,31.6523,1
36.5781,27.2836,1
36.5055,27.1731,1
38.3505,39.0806,0
36.5206,27.251,1
39.842,41.7753,0
37.6811,29.3621,1
36.3321,27.4123,1
39.8636,41.5076,0
36.5941,27.2746,1
39.9798,42.5696,2
37.8808,27.1345,1
38.6311,43.1516,0
37.0258,29.2395,1
36.6013,27.1055,2
39.93,44.1546,0
40.065,27.7156,0
37.0311,28.295,2
41.1278,43.6516,2
38.5706,42.9736,0
39.8736,39.0136,2
40.861,33.1446,1
36.497,27.1305,1
38.603,31.649,1
39.6838,30.669,1
36.393,27.1056,2
37.9361,27.1121,1
36.6743,27.418,1
38.3215,30.993,0
39.1795,41.7038,0
40.4215,26.3501,0
36.216,27.0875,2
38.4453,31.8173,1
38.6025,44.2185,0
39.5795,26.3983,1
37.5941,26.7321,0
37.8605,32.1113,0
38.5658,31.4591,2
37.8216,26.9656,1
37.1141,31.0711,1
41.1573,43.8091,0
38.929,26.1513,1
36.484,28.1475,1
38.9295,30.949,1
39.8271,41.8256,0
37.2778,37.005,2
38.2793,38.7448,1
37.92,26.9483,2
37.8846,27.1145,1
36.5013,27.1883,1
37.7525,29.2816,2
38.5748,39.641,0
40.3353,27.5216,0
39.126,36.0131,0
37.4566,30.398,0
38.9033,26.6833,0
38.2431,40.9181,2
38.2415,38.8198,0
36.4368,27.3008,0
35.9725,29.6723,1
39.129,37.8351,0
37.4581,30.4168,0
36.3861,27.1463,1
41.6955,44.3296,0
40.2741,33.9311,2
37.8635,32.1166,0
37.4811,30.4358,2
34.9,25.206,1
41.254,41.629,1
36.42,27.322,1
36.5771,27.2078,1
38.5916,34.6998,0
36.6161,42.6015,2
38.1726,28.8881,0
40.8263,28.7656,1
38.4835,29.1753,2
39.8898,33.0606,1
37.704,25.9683,1
36.3515,27.1598,1
37.3865,27.5431,2
40.0911,31.8246,2
37.5023,30.4203,1
38.5391,39.042,0
36.5811,27.2298,1
37.3805,27.0413,2
36.9743,26.5193,1
43.0215,42.141,0
38.0083,27.0195,0
38.9416,25.9811,1
36.5538,27.2291,1
38.5843,44.5268,0
39.1126,28.4466,0
37.102,28.1243,1
37.4721,33.1048,1
41.2306,33.3436,2
36.2116,27.1711,2
37.8018,29.826,1
34.79,32.7456,2
39.5685,43.7216,2
37.6533,30.1453,0
38.7458,43.5118,0
37.0878,38.6605,0
38.5648,26.7145,1
37.7363,26.2353,2
36.0336,31.0526,0
37.6413,27.4398,2
39.012,43.5606,0
37.8663,27.2705,1
39.7441,42.5285,0
38.2498,38.81,0
36.9095,27.3006,2
39.0916,29.044,1
40.6181,29.1488,1
40.6086,35.3561,0
37.8891,26.9911,0
37.4186,36.3695,1
36.885,34.0521,2
39.4258,26.32,1
37.7111,26.064,2
36.5801,27.2705,1
37.4321,30.3806,1
37.943,27.1425,1
35.776,28.8153,1
36.439,27.1551,1
38.6241,43.1535,0
36.5206,27.2348,1
38.4143,26.7651,2
40.5201,34.426,0
40.2446,31.99,1
37.8468,26.9291,2
38.8411,27.5625,0
35.347,25.374,1
39.7376,30.1868,1
38.0475,26.2766,1
36.044,28.6241,2
41.1093,28.5225,0
39.611,38.2496,1
36.991,31.047,1
37.8328,32.0735,0
39.3018,33.3536,0
39.1241,37.2661,2
40.6778,27.588,1
36.4828,41.2035,2
40.3225,41.5923,0
40.1016,40.9661,0
37.9218,26.9371,1
37.1071,27.8091,0
37.3766,38.59,0
39.0823,27.8198,2
40.5995,36.7506,0
39.1101,28.1696,2
39.4821,32.897,1
37.8873,26.7741,1
38.1113,29.238,1
37.3223,29.3241,2
37.9513,26.9508,2
36.6051,27.3181,1
36.4693,27.18,1
36.1541,28.7945,1
36.2605,27.2201,1
38.3703,38.753,0
37.1328,37.4506,1
37.6896,26.0118,1
36.213,26.9728,1
36.4676,27.1145,1
38.9743,30.204,1
38.1286,28.8593,1
40.659,30.4846,0
38.8301,34.061,0
38.4271,39.2126,2
40.2231,31.6436,1
36.9033,27.7351,1
36.0691,30.192,0
36.8531,34.6535,2
36.8198,29.1838,0
40.35,26.8833,2
38.2458,38.7913,0
39.518,31.6391,0
37.9008,26.8756,1
37.8033,28.8175,1
39.3578,33.4128,2
37.946,27.1655,1
38.7863,38.159,2
38.0125,26.2356,1
36.9296,27.76,1
37.8471,32.112,2
40.8326,31.5481,1
36.543,27.2141,1
41.3878,43.8606,0
36.4876,28.8455,1
39.005,40.4595,1
36.5255,27.0573,1
36.6078,27.2133,0
39.3295,26.1295,1
37.8208,29.645,1
37.948,28.7885,1
41.0796,43.6901,2
39.614,26.0878,1
37.0596,35.5416,0
35.5915,27.872,2
40.8501,39.7218,0
41.1555,33.6398,2
37.8145,26.441,2
38.9015,43.6015,0
37.807,29.6736,2
37.7623,26.4005,2
39.4191,25.9208,0
38.3623,39.075,0
40.8546,31.686,0
37.711,37.431,0
38.483,27.825,2
37.8836,29.4911,2
38.224,38.0648,2
37.1485,28.3728,1
40.1906,31.8791,1
40.8905,27.219,1
41.3511,43.7501,0
37.3775,31.1055,0
39.6985,28.3831,1
39.2603,25.8945,1
37.4028,36.2506,0
40.1961,34.1251,1
39.1475,37.827,1
36.5236,28.7816,2
38.4228,38.7426,0
38.1365,38.6056,0
38.6036,31.6733,0
36.541,27.2425,1
41.0965,33.8423,1
39.812,41.8143,0
38.2616,42.8641,0
40.274,31.397,2
36.5175,27.2333,1
38.9733,26.0678,1
39.2846,27.7143,1
39.0086,30.1531,2
36.1138,35.5238,2
36.509,27.1716,1
40.817,31.0468,1
38.0811,27.2393,2
36.1448,31.184,1
40.5021,27.4945,1
36.5475,27.2745,1
37.8078,29.6313,1
38.5865,30.3863,0
35.039,26.8038,1
38.3946,38.7391,0
39.756,30.1646,2
38.0366,38.0856,0
41.2221,44.1248,0
41.3065,33.3583,1
39.0155,27.857,1
36.2508,26.9673,2
37.0523,28.38,2
37.4041,29.1955,1
37.4883,33.0876,1
37.1596,37.2055,1
39.0855,42.1121,0
40.7463,30.92,0
38.2461,38.7991,0
36.9293,26.625,1
40.4638,29.1931,2
38.4961,26.037,2
37.4586,30.3906,1
36.5,27.296,1
35.9406,27.5145,1
40.5961,32.5021,0
39.927,41.7675,0
39.1618,36.048,0
36.4695,27.1265,1
38.9146,43.4795,2
36.5768,27.269,1
41.1373,40.9813,0
40.6145,29.1498,1
37.446,30.394,1
38.661,30.8365,1
39.0066,32.8096,2
39.5481,26.1166,1
39.2596,25.9115,2
37.6983,26.035,1
40.4613,34.2216,0
39.77,41.902,0
39.691,30.708,2
35.9066,26.9708,0
37.895,27.149,1
40.821,34.7881,2
36.532,27.1461,1
37.891,26.9103,2
39.8441,32.0635,2
36.541,27.2378,1
36.411,24.809,1
40.5708,29.184,1
38.9791,26.07,2
36.4356,28.8135,2
37.9951,33.0495,0
36.5741,27.2468,1
36.661,28.323,1
40.2671,31.7001,1
38.478,26.6905,2
36.0773,27.887,2
38.9175,43.4848,0
39.8853,34.2705,2
36.5011,27.2543,1
37.934,27.1335,1
36.5415,27.2145,1
34.552,33.953,0
37.8875,26.89,1
39.8641,40.236,0
37.4363,30.404,1
40.6373,30.4836,0
36.057,29.643,1
36.6473,25.6486,1
38.8968,43.4626,2
37.4715,27.633,1
36.333,36.389,2
37.7126,26.2166,2
39.7818,26.1141,0
39.278,41.0045,1
41.1453,44.1576,0
38.8478,27.1515,1
36.508,27.2705,1
40.8065,41.489,0
39.0828,36.0376,1
35.097,26.249,1
38.5763,31.6411,1
38.7078,25.7581,1
39.4378,28.2205,2
37.8225,29.3866,1
37.8108,26.9713,1
36.516,27.0916,2
36.549,27.2071,1
36.8655,28.7466,0
35.5566,27.1953,1
41.1118,43.89,0
40.6181,36.7553,0
35.9901,28.482,2
36.4636,27.161,1
38.5246,44.42,0
39.2755,42.1615,0
39.4445,39.7345,0
37.1076,34.8981,1
37.8286,26.3666,1
39.8083,39.072,1
35.486,26.562,1
35.6511,27.0746,1
36.5888,27.3553,1
38.873,29.1953,2
38.9513,42.0081,0
38.3228,38.6731,0
37.845,26.727,2
39.4533,33.4528,0
38.6068,31.6511,1
36.9193,26.6433,1
37.1361,28.5098,2
40.1043,40.9786,0
36.4525,27.1438,1
38.9445,25.999,0
38.2958,31.0665,1
39.002,27.8753,1
34.1973,24.3188,1
32.197,48.403,1
36.5276,27.3211,1
37.5895,26.7996,2
36.9618,28.2506,1
39.8173,41.7978,0
38.908,43.5258,0
39.8941,42.5745,0
38.8363,41.8268,0
39.9888,27.3926,1
39.0345,30.1343,1
39.8071,41.8451,0
37.393,34.3913,0
39.1976,29.1576,0
38.9765,31.112,1
38.7456,35.285,0
38.7475,43.5805,0
37.0233,28.262,2
38.6056,37.3836,0
39.866,28.7035,1
36.565,27.153,2
37.5025,35.9643,1
37.9165,26.9665,1
37.719,26.1906,1
36.4878,27.145,1
35.7736,26.6505,1
37.8538,27.0255,1
40.8013,31.0551,0
39.8608,41.8161,0
39.444,33.275,0
37.8956,26.5383,2
39.0108,28.0425,2
40.6166,27.417,1
35.6308,26.9341,2
39.6216,41.2525,0
38.3403,39.8281,0
41.1135,43.8113,0
37.0658,27.9825,1
36.5168,27.2233,1
40.0535,28.6511,0
41.6425,27.6775,2
36.5028,27.6575,1
36.5253,27.1786,1
38.2643,44.56,0
39.5178,29.0045,1
39.0823,29.4891,1
38.6136,27.6641,2
38.2471,38.8433,0
35.3081,27.4456,1
36.4963,27.174,1
38.5163,39.4275,0
36.533,27.1506,1
36.133,27.1458,1
36.5481,27.2475,1
36.9135,27.704,1
40.8223,27.942,1
37.8561,27.0181,2
38.9683,42.0198,0
39.1278,26.0125,2
35.881,29.041,0
38.0898,27.1035,1
36.3608,26.7995,1
37.6978,34.6708,2
38.4758,29.1501,2
37.7713,26.8055,2
35.8683,29.3806,1
37.3303,42.444,0
38.955,27.8965,0
36.4845,27.1715,1
35.6981,33.6253,0
38.5895,31.638,1
41.1991,43.7715,0
38.042,32.8455,2
38.4025,39.0385,2
40.6161,36.6878,0
37.9786,26.2616,1
38.3428,38.8006,0
38.7026,43.2838,0
40.8013,28.1101,2
37.877,26.8441,1
38.2668,42.8408,2
38.659,43.1608,1
38.7528,43.5065,2
38.86,43.47,0
36.511,27.2558,1
36.539,27.209,1
38.9676,26.0073,1
36.8461,27.5116,2
37.6818,25.9796,2
36.9428,27.7055,1
37.8556,32.0833,2
36.4853,27.1861,1
38.6771,43.1346,0
36.5425,27.2151,1
39.5416,27.8126,2
40.1751,31.7763,1
36.5191,27.2083,1
40.8416,40.652,0
36.4635,27.208,1
36.477,27.1321,1
38.2931,32.2248,2
41.1251,43.7155,2
39.0096,32.83,1
37.8885,26.9815,2
40.1766,33.959,2
38.64,39.6636,0
37.445,30.3996,1
36.4226,27.1185,0
36.3371,28.3685,1
37.6785,26.1266,2
38.5795,31.6291,2
41.1135,39.0826,0
37.6826,29.3308,1
38.5568,39.2478,0
34.8851,28.3863,1
39.4423,28.2221,2
37.0323,29.055,1
36.1423,27.9676,1
40.4331,32.1463,2
41.209,43.884,0
39.8555,39.1376,0
36.5553,27.1791,1
35.122,27.699,1
38.2965,30.2298,2
40.027,43.3131,0
34.8233,33.0613,1
37.156,28.648,2
35.7911,27.9796,1
36.5085,27.171,1
35.85,29.5096,0
36.6633,29.2531,1
39.8248,41.7763,0
39.2461,40.1546,0
37.93,28.816,2
39.8216,41.7833,0
39.8793,25.5665,1
38.3635,38.9945,0
38.0633,32.7655,1
38.0836,33.105,0
36.6373,27.525,1
37.8665,26.9513,1
37.9143,33.0815,2
37.8881,27.2075,1
37.9006,27.619,2
35.7501,27.5098,1
39.2585,29.3176,1
38.8928,43.5591,0
38.2035,38.7891,0
39.9763,33.5146,0
39.8316,42.5863,0
36.211,28.9028,2
38.3571,42.8778,0
36.4838,27.141,1
37.5008,30.4548,2
39.9328,28.9153,2
39.1818,40.1615,0
39.4906,39.948,0
38.7686,36.9043,0
40.9986,30.573,2
36.5085,27.1055,1
37.05,28.2046,2
39.449,28.2165,0
38.4676,39.0528,1
37.845,26.9928,2
35.0225,26.6725,1
36.6166,30.3385,2
36.9736,28.528,2
37.0076,28.2953,2
40.1678,31.7606,1
39.3355,40.773,2
38.4878,39.2575,0
40.0765,28.5171,1
40.9588,33.0055,0
39.4636,40.932,0
36.5106,27.1648,1
37.8441,32.0963,0
41.1378,43.7193,0
36.4683,36.8868,0
39.542,33.89,2
36.7538,42.7388,0
37.879,29.244,2
39.8013,41.8583,2
36.541,27.2281,1
36.33,36.5638,0
40.776,28.0618,0
40.6486,30.4818,2
37.8625,27.6558,2
39.108,27.786,1
39.0276,42.0331,0
37.2383,29.6116,2
35.1035,27.6465,1
39.1418,29.031,1
38.7986,26.8271,1
36.4945,27.176,1
38.2301,38.8163,2
38.507,39.4425,0
39.8815,28.8311,0
38.0738,27.3078,1
37.0475,28.3683,1
37.5306,35.5183,0
38.6898,44.6778,0
37.8588,26.9715,1
38.7121,31.6228,0
37.855,32.1023,2
38.5385,44.1088,1
38.9963,43.6296,0
36.5928,27.2323,1
38.2601,38.8036,0
36.9778,27.7803,1
36.222,28.7946,1
37.4703,35.835,1
36.5513,27.2443,1
37.4075,29.1611,2
39.1025,27.5315,1
38.7336,31.1843,1
42.4765,43.2293,0
37.9138,26.9018,1
39.7818,39.1925,2
38.0016,38.1636,2
36.1405,28.3985,2
38.9058,25.9878,1
38.9846,37.9191,1
37.8923,27.1058,1
41.1218,43.8445,0
39.829,41.7933,0
40.1343,41.1101,1
34.7838,31.6176,2
35.089,27.188,1
39.8325,41.8078,0
39.1506,41.5248,1
38.4193,27.1796,1
37.9701,26.7441,1
37.956,27.1145,1
36.0506,29.7218,1
37.4453,30.3725,2
38.4636,29.1596,0
38.2948,38.7931,0
37.9145,27.1705,0
36.4453,27.1428,1
37.4248,29.422,2
35.9476,27.082,1
39.8911,41.7998,0
41.1686,34.581,1
39.1893,29.3201,2
39.6268,41.4033,2
36.4706,27.1388,1
37.4766,35.007,2
36.5978,27.2793,1
35.273,33.545,1
37.5573,29.4983,2
39.2101,27.6736,1
35.198,25.014,1
36.6958,27.5128,1
39.7371,40.7673,0
39.451,28.2231,2
36.4536,27.147,1
37.8745,26.9635,2
38.1688,34.1393,2
39.8008,41.8316,2
40.502,40.918,0
36.897,27.4061,1
37.6533,26.7921,1
38.2511,38.8033,0
40.9886,39.0628,0
39.7131,28.2903,2
38.7676,43.2891,0
36.5621,27.0936,1
39.0116,43.5973,0
37.9221,26.9241,1
39.431,26.312,1
38.2738,38.715,0
39.9328,35.4771,0
40.7053,32.7996,0
38.6945,43.3121,1
37.8156,27.0256,2
37.8718,27.0063,0
37.9441,27.1145,1
40.1941,35.639,0
39.8435,33.3076,0
36.6236,42.4515,0
40.4233,26.2521,1
37.874,27.174,1
37.8025,29.6411,1
36.5055,27.0781,2
38.1853,34.3695,1
38.9775,26.1483,1
38.4826,39.3455,2
36.5806,27.6756,1
36.927,27.335,1
38.8015,38.1953,0
35.5731,27.2261,1
35.441,32.7976,1
39.057,26.4295,1
38.8968,43.4591,0
39.8808,41.7628,2
37.677,26.0321,2
40.3375,27.5191,2
37.6621,26.0273,2
37.1355,28.67,1
36.455,27.1091,1
38.7231,27.9006,2
38.6236,43.8413,0
39.456,33.3933,2
38.3356,26.7351,1
35.8665,25.9673,1
39.9265,25.6903,1
36.9746,30.3465,0
36.5036,27.2565,1
37.7311,26.1758,1
37.7673,27.4095,2
36.6318,27.2,1
40.5155,36.8298,0
36.563,27.1336,1
38.9843,26.0566,1
37.8958,26.4718,1
38.2388,38.7906,0
36.3891,27.0528,1
36.135,35.3515,0
36.5628,27.2415,1
41.88,33.6756,0
36.444,27.1718,1
35.0991,27.7948,1
37.7838,29.6618,1
36.5443,27.1805,2
36.5456,27.1611,1
40.398,44.821,0
37.853,26.8726,2
36.5066,27.6793,1
39.937,41.8141,0
40.8355,41.48,0
37.4743,33.0606,1
37.3888,35.3008,1
41.0933,43.9205,1
37.128,38.6858,1
38.7975,26.445,2
37.914,29.1455,2
36.54,27.097,1
39.0748,27.539,2
37.9538,26.2095,1
39.0195,29.479,0
36.963,28.253,1
38.8416,39.3388,0
37.8675,26.8801,2
38.7348,38.9418,0
38.8595,43.5513,0
36.5236,27.2658,1
36.9931,26.55,1
37.8235,27.0513,2
37.8318,32.1065,0
37.8778,26.9208,1
36.4426,28.7016,0
38.9858,42.0391,2
40.7285,30.8975,0
40.7691,41.471,2
37.7191,26.0578,1
36.5518,27.2031,1
38.1388,26.0281,1
36.25,27.188,1
39.1465,29.0446,1
36.5365,27.2033,1
34.892,32.9525,1
35.8493,26.1133,1
37.8843,29.3028,1
38.7681,38.1741,0
36.734,33.8178,2
36.6555,36.1003,1
38.2228,39.0586,0
34.5328,44.3583,1
39.4845,28.7778,0
36.5733,27.2213,1
40.4321,37.3123,0
38.6526,43.1521,2
38.8948,31.4758,2
38.64,43.1275,0
37.7376,27.5313,2
38.5835,31.6548,1
37.656,26.009,2
36.6733,27.1735,2
38.7511,30.9641,2
40.5248,35.4415,0
34.9583,28.3726,0
37.9491,28.8453,2
37.8455,26.4916,2
39.099,27.5341,1
39.013,29.4996,2
39.0658,28.19,2
36.602,36.4603,2
36.4791,27.204,1
37.9115,27.145,1
36.246,27.103,1
34.797,33.067,0
39.811,33.014,0
38.8098,27.0913,1
36.5541,27.244,1
35.574,24.523,0
38.305,38.7946,2
36.4521,35.7473,2
40.9171,28.7878,1
36.9923,28.5266,2
40.5973,27.6631,0
37.8201,27.4471,1
36.9785,28.2221,2
36.502,42.659,0
36.4818,27.156,1
37.816,29.6295,1
35.7193,27.5586,1
39.3235,41.2041,0
40.8151,41.4758,0
37.883,26.449,1
39.3876,44.1278,2
37.6618,26.0353,1
37.8735,38.277,0
35.7406,26.8315,1
36.4173,27.147,1
40.701,31.5965,1
37.8853,32.1045,0
36.3058,27.459,1
38.9018,43.5831,0
36.9981,29.095,1
39.5446,26.1898,2
35.144,28.477,1
38.6156,43.1306,0
37.7963,27.051,1
38.9646,42.0276,0
36.511,31.284,0
38.017,27.0706,1
37.8795,27.0133,2
39.3613,27.9006,1
37.534,26.296,1
39.6573,26.6106,1
38.7751,38.1895,2
38.4293,39.1995,0
36.813,27.3285,1
37.3943,29.0526,2
38.9838,29.836,1
37.8926,26.7856,1
38.6725,31.635,1
37.9496,30.0995,1
37.2858,31.8385,2
40.9775,33.1638,0
38.987,30.209,1
38.6428,43.159,0
37.9848,27.6615,1
36.4988,27.1313,1
36.45,27.075,1
37.4613,27.6571,1
37.8331,35.1626,2
36.5858,27.2355,1
36.4696,27.1881,1
39.1313,37.8133,1
39.6501,26.6033,1
37.4543,44.757,0
36.5206,27.2591,1
37.4445,30.3815,1
36.5741,27.1751,2
38.2731,38.8005,0
37.9,26.9026,1
40.6186,36.7448,0
40.1455,31.786,1
39.3258,44.228,2
41.172,43.7828,0
36.5796,27.3116,1
38.94,26.6775,1
36.0703,31.4951,2
41.0998,35.6751,0
36.1201,25.0465,1
34.8586,26.805,2
36.5238,38.616,0
37.9111,27.1176,1
37.9106,30.6115,2
35.1831,32.6935,1
40.2398,31.5513,2
37.9453,27.146,1
38.964,42.0326,0
39.2948,33.314,0
37.9345,26.8863,1
36.6211,27.1878,2
38.2563,38.8118,1
36.5488,27.3268,1
41.1825,43.769,0
36.4201,28.776,1
38.1661,29.7178,1
37.2398,41.8361,0
38.6986,34.6951,0
36.413,27.4748,1
38.9348,41.9976,1
36.9615,27.5978,1
37.026,37.5698,2
40.0565,28.6571,0
36.5148,27.2361,1
39.92,26.0148,1
37.9805,35.165,0
37.2105,30.9305,2
38.9703,42.0228,0
39.109,29.0275,0
36.0841,29.6051,0
38.2426,38.6118,0
38.0173,26.2898,1
38.2546,38.8531,2
40.8515,31.7011,2
37.8693,32.0975,2
37.86,26.8098,0
36.932,26.4716,0
38.5675,43.809,0
35.959,29.6905,1
36.2061,27.767,1
37.9031,26.8438,2
37.6911,25.9765,1
37.8121,27.1408,1
37.6921,26.032,2
36.5195,27.2458,1
38.378,39.0891,0
38.2925,26.6605,2
38.8828,43.5055,0
39.0263,27.5345,2
38.8021,35.1968,0
36.9365,26.4075,1
37.8691,32.0878,2
38.2516,30.7043,1
37.2313,37.376,0
40.108,31.739,1
37.4328,29.3971,2
36.7383,25.6305,1
38.9738,42.0078,1
37.2361,28.49,2
40.1283,33.8513,0
39.0718,27.5706,1
36.4923,27.1398,1
37.7703,26.1561,2
39.8621,28.8906,0
38.9288,25.9926,1
36.966,28.2558,1
38.3181,38.738,0
36.1996,28.0495,2
38.7576,38.155,2
39.9578,28.8918,2
37.9918,28.4176,1
38.9781,42.0243,0
36.4998,27.1726,1
40.1588,28.3283,1
37.856,27.3235,1
36.4803,27.2278,1
38.727,27.769,0
37.4643,30.3923,1
36.515,27.1681,1
38.2745,38.7933,0
38.4958,29.1906,1
37.6798,29.3628,1
37.0858,32.0553,1
39.8303,39.057,0
36.553,27.2325,2
37.9351,26.455,1
37.0518,37.2478,0
38.644,43.172,0
41.0948,43.8056,0
38.2426,38.7838,0
39.822,41.886,0
40.8543,27.9881,2
39.1258,29.479,1
38.262,37.5201,0
38.902,26.7013,1
37.884,26.726,1
37.844,27.5898,1
37.8778,26.9156,2
38.432,38.838,0
37.8696,26.4196,1
36.4346,27.1783,1
36.7023,27.5366,1
37.6775,26.7951,1
36.4478,27.1121,2
34.6698,25.3725,1
35.2001,27.6996,1
38.3173,38.9191,0
36.9778,28.7455,1
38.9513,43.5111,0
38.7346,30.919,2
39.9221,39.4298,1
35.3371,25.2805,1
36.2243,36.0085,2
35.5908,28.6923,1
40.2146,29.0623,2
37.376,27.0266,2
37.0841,35.89,1
37.6886,27.0805,1
36.2396,27.7416,1
37.9003,27.0255,2
34.7518,26.1021,1
39.9365,27.2398,2
36.907,27.8356,0
35.6718,25.7213,1
41.113,43.736,0
37.2066,36.573,0
36.4918,27.155,1
36.4458,27.1295,1
37.8965,26.8953,1
40.2271,44.1695,0
37.9293,27.1273,1
40.7151,31.6043,0
39.12,27.7863,1
36.4958,27.1918,1
35.218,27.7295,2
39.8238,41.2831,0
36.4986,27.1865,1
38.5951,31.6471,1
39.665,29.4416,1
39.9933,40.0886,1
36.8311,29.0268,2
40.4646,34.2536,0
40.2476,24.6645,0
40.1701,29.3331,0
37.6525,25.9865,2
39.2508,28.0658,1
36.4903,27.1715,1
37.8581,27.5726,1
41.15,43.7508,1
38.3985,26.8478,1
38.9018,43.4986,0
38.8488,28.1685,1
35.113,27.4495,1
37.0088,27.5051,2
37.9083,27.145,2
36.4923,27.135,1
40.296,34.3323,2
40.2033,38.9775,0
40.29,33.3688,0
38.9296,42.5288,0
36.431,27.6793,0
36.533,27.215,1
40.6255,32.3868,1
37.5461,38.6268,1
39.6418,38.2083,0
36.5245,27.1426,1
39.9805,28.1915,1
40.2033,31.9121,0
37.9426,38.0691,0
36.4881,27.219,1
38.7085,33.6293,1
35.2036,27.5581,1
37.4435,30.391,2
36.872,26.4985,1
37.7255,26.139,2
40.6096,35.3531,0
38.5973,25.4281,2
38.884,29.1898,2
38.4711,39.3133,0
39.2741,29.1983,1
40.525,41.9885,0
37.976,28.8213,0
39.2603,40.6576,0
37.372,35.0255,0
37.8415,26.901,1
37.9235,27.1235,1
36.4838,27.144,1
34.5701,25.3825,1
39.8855,28.849,1
35.924,30.1181,2
36.4623,27.079,1
38.5056,29.1656,2
39.4493,28.2273,2
36.4865,29.0273,1
39.459,28.2188,1
40.5773,27.7708,1
37.5498,29.3056,2
35.2651,26.2395,1
39.8463,41.9208,0
37.6605,29.4076,1
37.378,35.0471,0
37.3035,31.8413,2
34.9713,26.661,1
38.5808,29.7448,1
36.607,27.301,1
37.8745,26.4731,1
39.1276,42.4061,2
37.8928,27.1048,2
37.9476,42.0275,0
37.9305,26.9503,1
36.9105,29.4246,1
38.4218,39.221,2
37.2838,32.3466,1
36.2821,27.1178,1
39.8983,42.6653,0
39.4278,37.2566,0
37.3795,35.022,0
36.5156,27.229,1
36.4345,27.1126,1
38.7601,38.154,2
38.0163,32.3751,0
37.4468,30.3833,0
36.4913,29.4471,1
37.7675,27.337,1
38.7205,27.6873,1
37.8325,32.193,2
38.7601,43.4833,2
37.939,28.7676,0
38.9966,27.8981,2
39.3043,41.7476,2
37.1595,29.422,1
38.5718,30.3675,2
40.7958,31.066,0
40.6553,29.1656,1
39.8403,41.8246,0
37.9256,27.1251,0
40.9378,42.6443,0
36.5016,27.1403,1
37.0808,42.7755,1
35.9135,27.4496,1
37.9986,38.1638,0
37.7896,27.7551,1
37.8608,26.9895,2
40.2708,31.924,1
35.9613,30.0661,1
37.9971,38.1683,2
35.1401,26.052,1
37.106,28.4858,0
38.528,39.4391,0
37.0738,28.3503,2
36.0321,29.6348,1
39.637,29.4455,0
35.353,25.3928,1
34.9133,32.7785,2
37.5556,29.5086,2
37.1066,36.8331,1
38.6313,43.1748,2
38.941,26.6866,1
36.4841,27.2033,1
40.183,43.0031,2
37.8578,26.0775,2
40.9345,42.649,0
38.2395,38.8041,0
36.9146,28.7523,2
38.2356,38.785,0
37.8563,26.5048,1
37.8246,32.099,2
40.1615,27.4028,2
38.9346,43.4403,2
40.181,31.8513,1
37.9036,27.6598,1
36.513,27.1723,1
41.2751,33.4743,0
36.5415,27.2176,1
36.8891,27.8326,2
39.2225,36.213,1
35.543,25.549,1
37.8816,27.5716,1
38.8491,31.4518,2
39.7813,35.1446,1
38.9561,26.6741,1
38.2638,38.7663,0
35.1916,27.5148,1
37.8553,32.1025,0
37.8638,32.1108,0
39.963,39.1015,2
35.0293,31.2643,1
39.627,28.473,2
40.3171,28.8121,2
36.4961,27.1451,1
37.2515,36.9338,1
37.2471,32.1545,2
38.6121,30.6823,1
37.0838,28.5601,1
38.925,42.0668,0
37.8991,27.1563,2
36.2753,27.011,2
36.4821,27.1245,1
39.3146,43.84,2
39.6393,39.671,0
39.836,41.8045,0
40.8356,27.958,1
40.7636,42.6503,2
39.6175,38.1975,0
36.9196,27.3236,1
36.4791,27.1746,1
37.7191,25.9635,1
36.5923,27.2895,1
37.1021,28.4496,2
37.9731,27.2596,1
38.5623,31.6165,2
37.8685,29.3833,0
40.7546,31.5055,1
40.7835,34.0321,2
39.849,41.7411,0
37.9216,29.1936,2
39.4463,28.2291,2
39.3971,28.4576,1
36.5981,27.2368,1
36.5791,27.387,1
38.95,27.9603,0
38.5903,31.6396,1
35.2075,26.9373,1
38.2825,38.8278,0
38.2761,38.8046,0
39.1338,33.2816,1
40.0756,29.3423,2
37.8881,27.1425,2
39.0336,27.602,2
38.5988,39.583,0
40.7765,36.2176,0
37.8923,32.1143,0
39.6426,30.0643,0
39.824,41.812,0
36.642,36.3008,0
38.9748,26.1678,1
40.2023,27.7158,1
37.8693,29.5285,1
40.432,35.6096,0
38.9276,25.5001,1
36.589,27.1925,1
36.4241,27.1098,1
36.5783,27.1226,1
39.9008,41.8668,2
38.7085,43.239,0
39.6171,38.1061,0
40.1126,43.3198,0
37.378,27.024,2
36.5873,27.2503,1
38.8671,31.0366,2
38.2508,38.8098,2
39.7863,41.8063,0
36.4391,27.118,1
40.0333,28.8705,2
38.5811,31.5995,2
37.768,29.2846,2
37.0538,28.352,2
39.848,41.8503,0
36.2995,27.1168,1
39.905,40.8255,0
41.4545,43.9333,0
39.1375,28.9886,1
39.995,34.3858,2
40.7923,27.9763,1
36.5681,27.2068,2
36.5475,27.239,1
36.567,27.236,1
41.3046,43.6845,0
36.5488,27.1811,1
34.988,24.988,1
39.6955,27.0823,1
37.998,27.0645,1
39.9283,41.7718,0
35.4341,25.5695,1
34.5141,26.6741,1
38.9511,42.0098,1
40.6706,30.6081,2
38.5646,30.643,1
38.9118,43.5343,0
40.421,35.2461,0
38.602,30.355,2
36.942,31.6248,1
37.6706,26.0148,2
39.083,41.6735,0
38.8936,43.544,0
37.472,27.6623,1
38.7255,26.5526,0
36.566,27.2148,1
36.9965,30.308,1
36.9635,28.3978,1
37.8645,26.9476,1
40.0838,34.4361,0
39.7325,28.7681,1
40.9086,33.1281,1
39.3711,39.1888,2
36.5151,27.0846,1
40.6345,27.4111,2
38.757,43.408,0
37.6595,38.5961,0
37.9311,37.993,0
38.4915,29.1368,0
39.431,28.2281,2
36.9571,27.9761,2
38.4566,29.279,1
40.8053,31.7228,2
36.4061,27.1155,2
36.8175,36.0591,0
39.4456,28.2181,2
36.418,27.1828,1
38.407,39.0066,1
39.986,28.6805,1
38.5823,31.639,1
39.693,28.4025,2
40.6061,35.3561,0
38.9503,26.1525,2
36.5491,27.1455,1
37.7685,29.2631,1
38.691,25.7213,1
36.7501,27.46,1
37.8711,32.0635,0
37.8831,26.8811,1
36.4893,27.1193,1
37.8306,32.0701,2
37.444,30.4066,1
37.9511,27.6185,1
41.9421,42.1996,0
35.7296,27.0018,1
36.48,27.1875,1
37.8921,32.1363,0
35.332,38.936,0
37.8503,27.0138,2
37.717,26.059,2
36.4108,27.0193,1
37.1091,34.4165,1
38.9028,43.5103,2
36.8253,31.783,1
36.5241,27.1441,1
39.7876,41.4853,0
39.1405,29.04,1
35.3105,26.4311,1
39.5313,40.9461,0
36.526,27.1671,1
39.0235,27.5955,0
38.9078,42.0033,0
37.8393,26.4433,2
40.517,27.2445,2
38.5436,39.602,0
38.2665,38.8533,2
38.2685,27.1968,2
38.5866,31.6341,1
36.331,26.9813,2
39.636,29.5406,1
37.8793,29.3505,2
37.0631,28.3655,2
37.298,31.29,1
36.4921,27.1991,1
38.9873,43.1691,0
37.8216,26.9593,0
38.0176,30.2298,2
38.377,27.5203,2
38.4673,39.2021,0
37.8593,29.3273,1
37.9555,27.1815,0
37.6981,26.1121,2
38.9943,33.6958,1
37.8613,26.475,1
37.5693,29.4915,2
34.7803,26.2243,2
37.8961,26.9405,1
38.6943,43.4946,2
38.2703,38.7838,0
36.2178,27.3563,1
37.8635,32.0925,2
36.0456,27.8043,2
38.9731,41.4771,0
38.9583,41.9948,0
36.2903,31.2236,2
36.4493,27.1765,1
38.2648,38.0835,2
36.5166,27.2021,1
37.3796,38.581,0
38.9948,42.0218,0
37.8826,27.2925,2
36.5096,27.2636,1
38.8933,43.5036,2
40.7556,32.881,0
35.6515,26.9531,1
38.9421,42.0053,0
37.1673,37.4913,0
34.4271,25.8085,1
38.8993,43.4796,2
40.7918,27.576,1
41.3935,31.1156,0
40.4233,27.5211,2
39.8936,28.8283,0
37.6253,35.638,2
39.4333,28.2035,2
36.9181,29.3598,2
35.9853,28.4215,1
37.819,26.9041,1
37.8976,26.9181,2
36.4871,27.2298,1
37.5586,44.5371,1
41.1118,43.781,1
37.616,38.468,0
37.8273,26.9846,2
38.6786,39.5926,2
36.4658,27.1046,1
37.2275,31.1171,1
39.332,33.4048,1
39.8061,41.8183,0
39.4168,40.3613,2
37.4191,30.3855,1
36.5373,27.209,2
40.5818,29.0931,2
38.5728,30.3778,2
35.9645,29.7291,1
36.1973,35.9796,0
37.8823,27.5733,2
37.4675,30.4393,1
36.5018,27.1696,1
37.465,27.66,1
37.7563,26.0636,2
38.1948,28.8733,2
41.0761,43.8125,0
39.8661,40.7843,2
37.897,29.1601,1
37.8101,29.6638,1
36.5486,28.3356,1
36.5361,27.1736,1
38.5426,39.6053,0
38.4235,40.6168,0
40.7033,42.6881,1
39.9918,38.7595,2
37.468,29.358,2
39.5675,41.2548,0
39.841,41.8136,0
38.8601,27.1448,0
38.2393,26.6481,2
41.0965,43.7065,0
41.1446,43.8196,1
37.8748,26.8891,2
38.5631,44.2068,2
40.468,29.276,2
36.131,27.0285,2
37.9706,26.9403,1
38.8856,43.5268,2
38.0085,29.1386,1
39.902,40.7623,0
36.4151,29.3266,1
37.8243,26.9188,1
41.1988,43.7525,1
39.737,40.7138,0
36.5055,27.1945,1
39.5856,28.8836,1
38.9631,33.6475,0
39.3783,33.4446,2
38.9966,42.021,0
38.2595,38.8221,0
39.83,33.2573,2
42.486,43.393,0
38.6885,43.196,2
36.5018,27.2405,1
40.7546,40.5385,0
39.1973,30.517,1
38.9041,33.5858,0
38.4798,37.0746,1
39.7766,41.789,0
39.0461,25.9776,2
38.4348,28.1266,1
37.4206,30.3868,1
38.6093,31.631,1
40.6173,41.9253,0
38.3255,38.8668,0
38.007,35.1645,1
36.6893,27.5433,1
38.5485,31.5468,2
37.3818,36.7623,2
38.9531,26.9318,2
38.921,26.116,2
36.503,27.1425,1
37.0573,36.6438,0
37.7025,25.9971,1
39.0708,29.5448,0
37.4676,32.5071,0
39.799,41.8135,0
37.881,26.9011,0
37.9313,27.1263,1
39.916,39.1381,0
39.6933,41.1791,0
39.8081,41.795,0
37.8621,26.5056,2
41.0633,43.8885,0
39.3123,33.6681,1
37.8958,27.1106,1
37.3541,36.2698,0
37.9576,27.1353,2
38.2015,39.0371,0
38.2256,38.8295,0
36.5176,27.2253,1
36.5318,27.1986,1
40.6065,34.8851,0
36.6136,27.2968,1
38.0723,42.3506,0
38.1016,36.6228,0
36.5601,27.2613,1
40.0248,33.3225,1
38.1068,38.064,0
36.4378,27.246,1
40.5408,35.2756,1
37.7043,29.1773,1
35.9968,27.8065,1
38.456,20.181,0
41.1983,43.8188,0
37.987,38.1468,1
41.0705,43.7491,1
37.235,30.624,1
35.1691,26.1738,1
35.0931,27.1425,1
36.4935,29.5575,1
40.1808,38.9486,0
40.367,41.4823,0
37.4495,27.6668,1
39.8346,41.7671,0
34.9925,25.4351,1
38.2926,42.3118,0
37.8286,38.309,1
36.6103,27.3115,1
38.3226,38.7376,1
35.2548,25.6956,1
37.3776,35.056,0
40.8478,31.6708,2
35.4701,25.3588,1
37.2516,28.5335,1
36.4651,28.6945,2
36.9118,29.8425,1
37.4688,30.4276,1
39.6093,26.4393,1
38.912,43.5393,0
36.9635,27.7753,1
36.4488,27.1463,1
37.8138,29.6356,1
37.0996,28.4828,1
37.4028,35.0301,0
40.3613,25.8771,2
38.9146,43.5836,0
38.456,39.216,0
40.0731,28.9193,0
37.9326,27.1121,1
39.9341,40.8676,0
40.0078,33.1081,0
40.0365,41.7953,0
38.3368,26.7336,1
37.257,36.937,0
38.2738,38.785,0
38.8665,31.0763,0
39.6905,38.728,1
39.8635,41.8211,0
38.863,26.9528,2
37.292,42.935,0
37.8533,27.3516,1
37.9708,29.2296,0
36.567,27.2193,1
39.083,26.4738,1
39.5361,27.8498,1
36.188,27.1105,1
35.9655,36.5926,0
38.887,26.7791,1
38.107,32.731,2
36.2951,36.0713,1
37.5805,29.2075,1
41.1553,43.8166,0
39.1175,29.0425,1
36.4833,27.183,1
40.074,40.6165,1
39.811,41.9021,0
37.8265,29.6666,2
39.1791,42.0945,1
37.0033,29.097,2
38.5986,43.1693,0
38.2155,38.6116,2
36.9028,27.3165,1
37.8526,27.1431,1
36.6495,27.2578,1
37.4525,27.6466,1
38.5278,26.9086,2
37.0295,28.3246,0
40.6636,32.3223,1
37.9335,27.1445,1
38.1083,35.797,1
40.0358,27.8593,1
37.5631,29.2218,2
38.5946,31.6355,1
36.9511,26.4931,2
36.5481,27.2611,1
38.4108,29.1096,2
36.489,33.4808,0
41.1706,43.8448,0
36.498,27.1643,1
38.9016,41.0336,1
39.9028,40.6403,0
37.8781,29.5481,2
36.5218,27.1471,1
37.9401,27.1268,1
36.4805,27.1403,1
38.8591,27.1663,1
38.2856,38.7828,1
36.2336,27.0633,2
37.3693,38.7696,0
37.684,26.0878,2
39.1148,37.3018,0
39.0111,33.4716,0
40.2618,27.4191,0
39.8163,41.838,0
38.842,31.0611,1
36.9686,36.7453,1
36.5311,27.2166,1
39.0718,41.065,0
38.8375,31.3911,2
40.5343,26.697,1
38.5058,39.5725,0
39.83,41.8431,0
38.0976,35.7901,1
37.8903,26.8825,1
38.6238,31.4608,0
37.5753,30.1133,1
40.6588,30.473,2
41.403,42.1621,2
38.4611,31.774,1
38.9586,42.031,0
38.8691,43.544,2
37.4525,30.3925,1
39.4641,28.1563,1
40.3861,33.6231,2
34.5656,26.343,2
37.4728,38.647,2
38.1186,42.8855,0
38.4826,29.1343,2
37.9143,27.203,1
40.1096,31.7716,1
36.0476,27.6116,0
40.4416,27.0275,1
41.0948,43.8836,0
37.8161,36.1391,0
38.2671,38.8388,0
35.1923,26.113,1
36.4946,27.1398,1
37.6706,26.0165,1
38.6615,43.16,0
39.8446,41.8011,0
39.233,33.3345,1
37.7985,26.9723,1
37.3823,35.0521,2
37.7661,26.6788,1
37.455,30.3943,1
38.6035,29.7748,1
38.6766,44.6835,0
37.8095,26.3251,2
36.8378,27.257,2
40.7871,27.7345,1
37.9891,28.445,0
36.4996,27.1791,1
36.53,27.2741,1
36.8731,26.6818,1
39.4438,28.5256,2
39.6293,29.4048,1
38.719,43.0565,1
37.6993,29.3616,2
38.4591,31.859,1
38.9008,33.5456,1
36.5466,27.279,1
37.8703,32.1118,0
37.0971,28.4911,0
38.9248,23.6153,1
38.5693,39.5331,0
39.8446,41.7965,0
37.0915,28.6356,1
37.8836,29.0398,2
37.84,27.0083,1
36.4516,27.053,1
35.109,25.75,0
38.5636,25.6116,2
40.8006,31.0303,0
37.0795,27.9421,1
39.2543,41.2681,2
38.5793,31.6231,1
36.3053,27.6313,1
35.422,25.276,1
38.4931,34.1275,0
37.3576,38.5771,1
39.0375,25.9401,0
36.4528,27.137,1
36.2203,28.2901,2
40.3208,38.9501,0
39.6653,29.4565,1
36.5213,29.1661,0
36.42,27.2028,1
38.0408,26.2441,2
38.2585,38.8063,0
37.132,36.7991,0
38.0505,30.3836,2
36.4811,27.1876,1
37.4205,30.3865,1
36.3563,27.0686,0
39.8466,41.7955,0
34.3606,26.2773,1
39.0873,28.1756,0
39.9281,39.1341,0
36.5166,27.2356,2
38.3118,38.9548,0
36.499,27.1188,1
38.175,31.0368,1
36.3356,29.4996,2
37.8215,27.1221,2
36.4906,27.1473,1
38.249,38.802,0
37.4416,30.3763,1
35.319,25.51,1
38.6081,44.6081,0
38.6115,31.4803,2
40.7455,42.2175,2
37.954,29.1561,2
36.9565,27.9776,0
39.829,41.8121,0
40.7413,32.8953,0
35.4821,25.9036,2
37.8565,32.1141,2
36.8011,27.2401,1
37.6608,26.0456,2
36.488,27.1075,1
36.5131,27.257,1
38.9628,29.6733,2
40.7935,32.9135,2
35.7798,31.3966,2
36.4053,27.079,1
40.7306,42.1031,0
36.058,25.9713,1
38.3415,26.7263,1
38.9085,25.8716,0
35.527,26.932,1
35.076,26.281,1
36.5931,27.3125,1
37.8451,26.9273,2
38.0123,37.682,0
36.4283,27.164,1
38.2231,38.9503,0
38.0283,27.1095,2
37.6926,30.1603,0
37.8488,26.8873,1
38.9095,43.5106,2
37.8438,26.9866,2
37.1928,34.5441,1
38.395,39.1506,0
37.1976,35.9713,1
35.6436,26.6475,1
37.864,29.2398,2
38.9201,43.5031,2
36.7961,35.0896,0
39.85,39.0346,2
38.958,26.3978,2
36.956,27.6611,1
35.1251,27.8136,1
36.7286,27.1145,0
36.424,27.099,1
37.886,27.5836,0
37.7291,26.2228,2
39.0596,28.7133,1
37.6766,29.3243,1
41.1741,33.9,2
37.8025,26.8375,2
41.1338,43.8358,1
40.2256,43.28,0
36.9821,28.3895,0
37.0693,28.098,1
39.651,29.4691,1
38.5681,43.0465,0
38.8676,43.5236,2
36.9611,27.9988,1
39.081,27.3823,0
36.5371,27.2328,1
38.5416,42.978,0
39.2881,26.0968,1
37.811,29.5888,0
37.1435,28.2856,2
37.9878,29.468,1
39.1318,34.2813,0
40.8301,27.5328,1
38.935,26.0506,1
38.4765,31.8385,0
36.4781,28.6523,1
37.8311,27.2045,1
37.869,27.6388,1
37.741,25.9593,1
37.0061,30.3016,0
36.696,27.3441,2
39.2185,39.2051,0
41.2266,43.788,0
38.5861,31.744,2
37.013,35.5505,2
36.5991,38.4938,1
36.4043,27.0081,2
37.8135,29.6593,1
38.9186,42.0281,0
38.358,38.7476,0
38.7213,43.1475,0
39.4021,28.4711,0
38.0211,32.3218,2
38.288,38.832,0
37.1215,28.5335,2
36.005,28.423,2
37.3366,36.2711,1
38.0055,32.9386,0
38.251,38.7925,0
36.8845,34.924,0
38.9428,41.9523,0
38.64,43.2148,0
37.9101,37.6438,0
39.9738,28.7,1
40.601,35.352,0
36.3448,27.0441,1
36.439,27.1431,1
41.1395,43.817,2
40.62,36.791,0
38.5651,43.1496,2
38.712,26.55,2
36.5285,27.1296,1
38.8888,43.492,0
37.4256,38.7771,0
38.1048,27.0961,2
36.5193,27.2133,1
37.1036,28.5961,1
39.341,40.75,0
35.7403,33.644,2
38.8786,43.475,0
38.0811,35.1786,1
38.3111,38.7351,0
36.5415,27.2311,1
36.0991,29.5895,2
39.2858,27.9278,1
38.1396,38.7655,2
36.4928,27.14,1
39.653,42.248,0
38.2545,38.7981,0
39.787,42.6473,0
40.9958,30.5995,0
40.6178,36.7146,0
35.9403,26.3355,1
40.3386,33.3928,1
38.9496,42.0901,1
36.507,27.2126,1
40.7935,27.6921,1
36.54,27.1965,1
37.4228,27.6556,1
36.4738,27.1303,1
39.7731,35.1503,1
37.8246,29.5708,2
37.5981,31.5181,1
39.1333,27.9591,2
38.4708,39.3151,0
39.387,31.5426,0
36.6638,27.5665,1
38.6313,31.6173,1
41.6641,25.6455,1
37.6906,25.9491,1
38.7946,27.5623,1
39.9198,38.951,0
38.328,38.7318,0
36.9431,28.752,1
37.6733,26.0298,2
37.4658,32.0761,1
36.485,27.191,2
38.6095,27.4305,2
37.0283,28.3303,1
36.2761,35.9238,2
37.4383,30.3981,0
37.3966,35.0528,2
36.5608,27.2,1
39.8588,41.8436,0
40.7921,27.5981,1
38.005,38.1616,1
37.8135,26.6835,1
37.8106,29.6361,1
38.7941,38.156,2
37.1276,42.7563,0
37.1023,28.8556,1
36.4625,36.9926,1
41.093,43.773,0
37.447,30.4361,0
37.1321,27.6016,2
38.7566,43.4131,0
36.3743,27.0943,2
39.6561,30.0668,2
38.6995,43.2213,2
40.7455,27.3221,1
38.7643,43.4183,2
38.8696,31.0838,1
38.3406,38.3656,0
37.0698,36.0546,0
40.4775,29.2008,2
37.7596,25.9346,2
34.9541,25.317,1
36.2665,35.8341,0
34.9193,27.3643,1
40.0295,40.0198,0
37.8403,29.2328,1
40.8191,34.7555,0
39.4661,34.164,1
40.3381,25.9441,1
41.0963,33.8431,1
36.469,27.168,1
40.909,31.6843,0
37.931,27.1008,1
40.4868,34.3445,0
40.5666,34.135,1
38.854,43.799,0
37.1546,28.3716,1
37.876,27.2173,1
39.0053,28.6451,1
38.5691,31.6235,2
36.596,27.26,2
40.2348,27.0405,1
36.27,27.1875,2
37.443,30.3955,1
39.8641,41.8661,0
40.708,30.6445,2
40.0428,28.8865,2
37.0473,28.3783,2
34.749,32.6106,1
37.8761,26.883,2
37.4223,27.6581,1
40.7938,31.7213,2
36.3515,31.5975,2
43.161,38.372,0
36.7013,33.8531,0
39.516,28.8573,2
39.8056,34.0593,0
39.2255,41.3565,0
37.2901,36.9558,0
41.0585,43.6791,1
39.7826,35.1431,0
39.394,40.3708,2
39.613,41.2405,0
37.9373,27.136,1
38.4551,31.7193,1
36.6993,42.32,0
38.922,41.018,0
38.5603,43.1003,2
36.9748,28.5371,2
38.5858,31.634,1
35.0898,25.4155,1
38.5463,25.3931,2
37.8465,26.8778,1
39.6091,42.4145,0
40.095,40.5085,1
39.1413,39.026,0
39.8696,41.8406,0
39.0188,41.563,0
40.1371,40.9696,0
35.9053,29.7011,1
36.428,27.1656,1
37.8613,29.3136,1
36.4896,27.2715,2
39.9175,40.8255,0
41.6666,43.1828,2
40.871,35.9895,1
37.3551,35.0466,2
40.3663,26.9076,2
38.9281,43.5425,2
41.0771,34.1111,1
39.5036,33.3905,2
37.817,27.6741,1
39.7365,30.24,2
36.5605,27.2076,1
37.0115,28.4445,1
37.397,37.2816,0
36.5035,27.2441,1
39.7555,40.7705,0
37.8913,30.1283,2
36.7225,27.4253,1
36.3131,27.1271,2
37.657,26.0521,1
38.757,38.1565,0
37.8611,29.548,1
40.9435,42.6215,0
36.567,27.1881,1
38.7683,38.1845,2
39.6385,28.5066,2
38.6223,39.9268,0
38.7228,43.427,0
36.527,27.2128,1
37.8526,27.1573,2
37.8086,26.4718,1
37.8415,26.9786,2
39.2805,27.6991,1
37.917,27.1723,2
37.784,25.904,1
39.655,29.48,1
36.5533,27.2976,1
41.184,43.799,2
40.8165,31.9795,0
38.3391,39.1108,2
39.2701,29.2733,2
39.2185,28.2898,1
38.903,28.002,0
36.9686,26.5508,1
38.7675,38.7226,0
38.3761,39.7688,2
38.6113,31.6531,1
38.3833,38.7391,0
38.4106,26.4396,1
38.7696,38.1278,2
38.8913,43.489,2
39.6861,28.4391,0
40.6863,36.627,0
38.813,27.737,1
39.3836,40.6621,0
41.2126,33.8296,1
38.8663,27.1613,1
39.1291,29.462,2
37.8596,26.997,2
39.0148,27.8591,0
40.7065,36.607,0
39.1355,27.7343,2
38.53,39.4401,0
38.5695,30.637,1
35.8995,26.8528,2
37.5655,27.1298,1
37.8861,27.0141,2
38.2601,38.7251,0
39.0133,26.1023,2
38.0123,26.3518,1
37.3743,35.0336,0
39.8765,28.8401,2
37.3771,35.0366,2
39.7768,43.4986,2
38.9373,42.0425,0
37.0346,28.1163,1
39.8246,41.7626,0
37.7108,26.0281,2
38.2063,38.7666,0
39.1301,29.005,0
39.4525,33.4551,1
37.4233,30.4086,2
40.8638,31.6653,0
39.8646,41.8283,0
39.9501,35.9055,1
36.8418,27.979,1
38.3693,27.7338,1
38.2756,38.7963,0
40.0205,28.879,2
37.9791,35.599,0
37.789,26.9235,0
41.0235,43.7971,0
37.9168,27.1641,1
37.4368,30.3941,1
37.3245,36.861,2
36.5643,27.2465,1
39.9096,34.3183,2
36.4615,27.2906,1
36.4476,29.2061,2
39.8293,41.8275,0
38.406,38.9388,0
41.0793,39.7116,0
37.7983,29.6275,1
40.6686,33.4863,1
38.901,43.4913,2
38.652,43.1345,0
39.8328,29.139,2
35.4951,26.2236,1
36.5618,30.9045,2
38.3905,39.8846,0
39.369,33.9748,0
37.7938,26.8085,2
37.4193,35.4641,1
39.6475,30.0885,2
37.6141,29.6365,1
38.2871,38.0871,0
42.92,35.2336,0
37.8353,27.0378,1
41.1258,43.7261,0
37.2533,37.0196,2
37.069,27.8525,2
42.6023,43.4865,0
39.5706,28.4636,2
40.1823,34.15,1
38.2476,38.7515,0
37.164,36.2805,1
36.2886,27.0831,1
38.9386,26.005,1
37.64,27.0621,2
37.9303,32.4363,1
37.4488,27.6595,1
38.1815,31.078,2
36.9423,37.242,1
38.9065,43.4855,2
38.5988,31.6563,1
40.7643,32.9605,1
38.0165,27.0093,2
40.8415,33.7391,0
37.2478,29.4511,1
38.9148,43.5158,2
36.494,27.16,1
36.4785,27.1473,1
37.066,28.3831,1
37.9165,27.1856,1
36.5706,27.2398,2
36.4221,27.1331,1
39.5575,33.059,1
36.5875,38.0708,0
38.7723,27.8921,1
35.9458,29.5821,1
38.9295,27.591,1
41.4058,43.8656,2
38.2708,38.8435,0
36.8653,27.8428,2
37.8258,36.115,0
38.059,42.5538,0
36.9305,34.4246,0
39.7945,29.0911,2
37.9155,27.1468,2
39.6105,38.1191,0
36.4535,27.1586,1
38.5793,31.6461,1
37.8606,32.0936,2
38.6791,44.691,0
37.71,25.9931,2
37.2225,28.6701,1
38.2586,38.7733,0
37.87,32.0971,0
40.842,31.6363,2
36.484,28.574,2
38.6733,44.6161,0
40.4258,29.2455,0
37.9391,27.1441,1
37.129,28.2808,1
39.8856,40.1671,0
37.415,36.301,0
39.6598,27.6545,0
38.4278,39.1743,1
36.8336,35.9993,1
36.9193,29.5828,2
37.8886,27.0625,2
36.5018,27.1625,1
37.0111,29.7251,2
36.5686,27.1958,2
38.4273,38.6968,0
40.0973,39.9288,0
40.474,40.9738,0
35.2761,25.7193,1
38.267,31.0415,1
40.9553,34.778,2
36.3551,29.8795,1
36.6108,27.3286,1
40.9236,43.8421,0
37.5028,38.8343,1
36.664,27.3123,1
39.9576,33.5143,0
40.2513,26.2656,2
38.248,38.7618,0
38.8126,27.0451,1
38.9358,27.8778,1
36.4845,27.167,1
37.7436,26.0685,2
37.799,31.0593,2
37.644,25.984,2
37.4693,27.9616,0
36.5951,27.6653,1
36.4666,27.1523,1
38.5756,40.9178,0
39.776,26.3013,2
40.1806,32.8176,1
38.4545,31.788,0
40.7028,29.0301,0
36.4403,27.1841,1
38.1156,27.4255,2
40.073,39.7198,0
38.2771,38.8575,0
37.6356,26.0836,2
36.046,27.7096,2
37.1948,28.374,1
37.9018,27.1953,2
37.9078,28.8046,1
35.075,25.5005,1
40.7936,31.0555,0
38.7763,26.8975,1
37.3751,27.0515,2
39.0493,29.5321,1
38.4356,31.8038,2
38.9105,37.9896,0
37.1865,37.4581,1
37.3581,25.5818,1
39.9816,28.184,0
42.9375,41.0858,0
39.0816,29.4965,1
39.592,35.394,0
36.177,31.5635,1
38.2653,38.8443,0
38.9155,25.9733,1
38.2068,27.274,1
39.5006,43.665,0
37.7896,26.1166,2
36.459,27.096,1
36.4835,27.1315,1
38.2676,38.837,0
37.058,28.3606,2
39.5983,40.9403,0
36.5823,27.2066,1
36.4058,27.0836,1
36.5273,27.234,1
35.1405,25.5193,1
37.69,26.984,2
41.1016,43.6388,0
41.1788,43.8016,0
39.7456,39.5178,0
38.7513,43.7648,0
37.9558,27.1625,1
35.326,25.584,1
38.6455,27.4653,1
35.0448,25.3008,1
36.9101,29.1381,2
38.5805,31.6286,1
39.4345,28.223,0
42.355,42.1308,0
38.1865,28.881,0
40.1921,27.2595,1
38.5795,31.642,1
37.3785,31.6473,1
37.8903,27.0793,2
37.5293,38.6115,0
36.9343,35.8311,0
41.0951,43.611,1
34.9815,32.9918,0
38.643,39.8746,0
37.229,37.293,0
37.4021,36.2913,1
38.5691,43.915,0
39.5305,27.588,2
40.7845,31.0543,0
36.4583,27.2106,2
36.4566,27.1426,1
40.4125,34.9948,1
35.5945,25.521,1
35.7443,31.6366,0
37.3755,35.0291,2
41.09,43.7366,0
39.9055,28.7978,1
39.2878,33.3206,2
36.8578,27.242,1
39.5776,33.5561,0
37.872,32.085,0
36.6085,27.2625,1
38.8591,31.0886,0
37.9188,26.886,1
38.9148,43.5525,1
36.4828,27.2118,1
38.6526,43.226,0
38.6611,30.8145,2
38.0965,42.8416,0
39.8125,41.8065,0
34.8596,25.4251,1
37.7035,26.1075,0
38.739,42.183,2
37.8673,26.9563,1
40.6923,32.3673,2
40.6476,29.1033,2
38.8583,26.5056,1
36.6341,29.5338,2
36.5425,27.1868,0
37.8463,27.0451,1
38.2341,38.8131,2
38.6225,39.7483,0
35.9828,29.5941,2
37.928,26.94,1
39.3978,26.1393,2
36.7608,34.5753,0
35.3353,25.0721,1
36.4726,27.1718,1
36.46,25.406,1
36.9465,27.6886,1
36.4761,27.1271,1
39.7681,27.6236,2
38.5828,43.1515,0
38.608,29.1876,2
38.6175,31.0616,1
39.0441,27.854,1
36.4691,27.1841,1
36.2168,28.797,1
40.0996,30.0651,1
37.3268,37.0306,0
36.5656,27.2618,1
36.931,27.9025,1
37.8008,27.1741,1
40.4331,42.4915,1
36.9398,27.7138,1
34.872,32.7525,1
39.4425,31.526,2
40.7738,27.4503,1
37.8578,28.5938,2
36.5048,27.1885,1
39.8846,39.222,0
37.248,37.058,0
38.019,26.1861,1
38.8513,26.744,1
37.6625,26.0908,2
38.6146,25.6165,1
36.2066,27.6633,1
38.263,38.83,0
38.4658,43.009,0
37.2995,28.0221,1
39.1703,29.1186,1
39.455,28.2145,0
36.4366,27.128,1
36.5295,27.2118,1
41.1398,43.6586,2
41.3345,43.936,2
36.0421,29.7373,2
40.8675,39.7481,0
36.5906,27.3356,1
39.7533,27.5916,1
37.5656,32.0438,1
39.8103,41.8063,0
36.5755,27.1955,1
37.1471,28.4721,0
40.0336,42.6475,0
38.2443,30.0048,2
35.956,33.3818,2
37.9126,26.8796,1
36.5296,27.2023,1
39.3768,25.648,1
35.3705,30.9221,2
37.8953,32.0896,2
39.7628,42.2851,1
37.942,27.8785,1
36.508,27.1853,1
35.8078,30.8601,2
37.4301,37.0361,0
40.1616,40.7183,2
38.9405,27.6741,1
38.4098,26.6596,2
39.275,25.9,1
39.115,29.0438,0
36.4825,28.7146,2
41.0043,43.6521,0
37.4631,30.421,1
37.774,32.3178,1
37.298,31.2948,2
36.51,27.1983,1
37.7365,27.528,2
38.7765,38.1931,0
35.9653,29.1076,1
36.605,25.621,1
36.3453,27.8261,1
37.4983,37.06,2
39.0096,30.183,1
38.3811,39.0698,0
35.0921,33.0836,2
36.2635,28.4675,2
37.1828,27.3811,1
39.8423,41.8245,2
39.9103,39.1665,2
38.253,38.832,0
37.0416,28.134,1
36.5086,27.153,1
38.28,38.8486,2
36.5275,27.2546,1
39.8078,41.8338,0
40.207,28.4195,2
38.8641,31.0646,0
37.6693,25.968,1
37.9705,27.1853,0
36.5215,27.1526,1
37.9495,27.1328,1
37.7121,26.1805,2
40.7898,31.0123,0
37.689,26.0948,2
39.0881,25.8043,2
42.5785,43.049,1
38.4295,41.9105,0
38.6261,31.665,1
38.9081,42.0315,0
36.5428,27.123,1
40.383,36.43,1
35.5195,27.1703,1
39.0763,26.4285,1
37.0071,26.559,1
38.4753,29.1345,2
36.5848,27.199,1
39.8821,41.8456,0
36.5823,27.2848,1
38.7046,30.5883,0
37.5503,29.8093,1
40.2826,43.0945,0
41.2023,43.8795,2
39.4716,28.0085,0
36.5383,27.3421,1
37.8185,26.9425,1
36.5373,27.1566,1
35.758,25.842,1
37.8783,32.0636,0
36.4668,27.1143,1
39.018,42.162,2
39.3055,26.552,0
38.4541,27.0038,1
36.8563,25.8333,1
38.1505,38.4851,0
38.1181,38.0815,0
36.9543,28.0543,1
37.822,27.0143,1
40.2293,29.0903,1
38.9713,27.9486,0
36.978,29.2521,2
37.7315,26.0931,2
38.9823,30.2291,1
40.2063,27.7175,1
36.0016,28.4906,2
35.9893,29.679,1
37.1805,37.4553,1
37.8093,26.4903,1
40.55,27.3343,2
38.2711,42.4186,0
40.7973,27.6956,1
40.672,33.5491,2
40.0116,28.8545,2
38.437,39.2485,0
37.9533,27.0993,1
37.8623,32.116,2
39.8208,41.868,0
37.1018,28.4933,0
36.5288,27.2163,1
40.4131,28.5808,1
39.1028,29.4008,2
37.8985,29.2721,2
37.1996,37.4756,0
38.2583,38.892,1
35.332,37.367,1
39.6661,44.0408,0
36.1655,27.6046,1
39.8838,28.823,1
38.9558,35.0601,1
40.8536,34.8338,1
39.138,37.7813,1
35.2815,26.5465,1
37.6863,29.336,1
37.721,26.1346,2
37.3491,27.9806,1
38.7435,43.1051,0
39.4521,27.906,1
36.9486,27.994,0
38.8943,43.5201,2
36.513,27.2111,1
36.4438,27.072,1
37.8326,32.1018,0
37.6905,26.0856,2
36.4698,27.15,1
37.8656,32.1106,0
36.5356,27.1685,1
36.595,27.2503,1
36.4701,27.021,0
39.8988,33.0256,1
38.793,43.2825,2
39.3368,33.3825,0
36.043,28.5213,0
36.5933,27.275,1
37.0291,26.9141,0
36.4988,27.1786,1
39.9808,33.1995,1
35.428,27.3286,1
37.0061,34.3746,1
39.8715,26.4718,2
35.6861,28.8855,1
37.8613,27.1645,2
39.4373,33.9981,2
37.359,35.0176,0
35.9251,27.1286,2
40.2251,34.1096,2
38.2311,38.797,0
36.3111,28.5163,2
36.331,27.0891,2
35.2271,27.5586,1
38.1408,27.5878,0
41.0851,43.8141,0
41.3013,43.882,0
39.8858,39.1266,1
37.7841,27.4213,0
38.4763,34.1268,2
35.2435,25.6688,1
36.535,27.335,1
36.4578,27.0946,1
40.6603,42.7796,2
37.5173,38.693,1
40.1565,42.1175,2
35.3468,27.5168,1
37.4346,35.865,1
35.8286,27.6831,1
40.5228,35.467,0
38.7498,43.2848,2
37.5231,29.222,1
35.7085,25.4426,2
37.2635,30.5478,2
39.9321,39.1253,2
37.5743,29.5091,2
38.4551,29.1151,1
39.656,28.534,1
37.8821,26.5415,2
37.8448,27.4538,1
38.3681,44.1198,1
40.255,29.1541,0
37.0568,31.8905,2
39.2425,27.7698,1
37.4621,29.379,2
39.872,28.8498,1
39.6335,26.6075,1
40.4763,29.2155,0
40.1745,27.3795,2
35.6276,27.2801,1
38.1258,42.6001,2
39.7183,37.6686,0
38.6606,39.8381,0
41.1521,43.8271,2
37.9173,27.08,1
36.5813,27.1546,1
37.1495,37.2023,0
37.2798,37.4833,2
37.9921,26.1996,1
37.867,29.3238,1
39.8383,41.8305,2
40.7698,40.4848,0
37.6388,26.0493,2
41.1465,43.7926,0
40.015,27.3923,1
38.6318,30.789,2
35.722,26.734,1
37.8786,26.4806,1
40.0503,42.9686,0
36.3666,27.125,1
37.684,26.0658,1
38.9123,43.6033,0
40.2111,33.4026,2
39.25,27.69,2
40.857,35.9966,0
37.8531,26.9503,2
37.7243,25.8311,2
36.5791,27.1778,1
36.4551,28.689,2
40.206,34.1255,1
37.3328,26.7905,1
37.8331,26.886,2
40.1106,41.8768,0
39.152,37.2418,0
40.9858,33.3241,1
38.5913,31.6385,1
39.9228,41.8701,0
36.2765,28.869,1
37.6723,26.0488,2
36.583,27.174,1
39.0621,40.469,0
38.8048,31.3548,1
39.4743,33.015,0
36.5803,31.7255,1
37.2878,31.87,2
41.06,43.7485,0
36.611,27.2576,1
37.8741,27.1056,1
36.0728,29.5898,1
37.8205,27.173,2
37.9193,28.7136,2
36.5236,27.2363,1
37.0518,28.375,2
35.8163,35.5346,0
38.1683,30.0276,1
35.324,25.3683,1
36.459,27.121,1
38.0525,35.1655,1
39.1166,36.0301,0
41.1431,43.8025,2
41.3733,43.7901,0
38.5286,39.6418,0
37.4655,35.8958,2
36.523,27.2615,1
36.492,27.175,1
36.9068,27.348,1
41.379,43.9258,1
36.513,31.3886,2
36.6388,27.1503,1
38.6616,43.1528,1
38.1795,27.433,1
39.6285,44.199,1
41.0523,43.8221,0
37.6723,25.9743,2
37.22,36.4278,2
40.1221,33.2345,0
38.7135,34.219,1
36.6486,36.5425,0
36.9158,27.3553,1
36.5081,27.1405,1
38.9036,43.4546,0
37.8631,27.0251,1
36.4781,27.1961,1
39.6128,28.9993,0
37.4463,30.3791,1
37.673,25.9523,1
38.2405,41.5225,1
37.375,43.9846,0
40.7061,33.9421,1
36.2045,27.3601,1
40.2238,32.3798,2
39.082,37.3275,0
37.4475,32.707,2
34.608,25.719,1
36.4093,27.0608,2
35.3065,25.733,1
38.1906,27.1951,2
41.6235,41.1541,0
39.9258,44.1071,0
37.8903,26.9736,2
39.9265,39.5378,0
37.931,28.701,2
37.0223,28.197,2
40.2251,31.7056,1
38.274,38.7845,0
35.0551,27.2338,1
37.9128,27.6223,1
40.1043,28.586,1
37.8066,32.0996,2
37.9188,27.0973,1
35.9106,30.0375,1
38.9993,35.7848,0
38.9046,43.5446,2
37.8981,27.1765,0
38.9081,43.471,0
38.2293,38.6411,1
39.4293,29.53,1
37.1326,37.208,0
39.6583,41.0343,0
37.4466,30.4131,1
40.4036,26.2051,2
39.1216,37.3048,0
38.564,39.5428,0
37.8403,32.1005,0
38.5853,31.6215,1
40.5016,35.4381,2
38.3296,39.0563,2
37.8908,26.9021,1
38.748,43.3116,0
40.7141,36.6611,1
37.2471,28.1998,1
38.9835,26.2246,0
37.4158,27.6495,1
36.9441,26.8075,1
40.7701,27.9761,1
40.0771,28.5596,0
36.5295,27.228,1
37.3871,35.0176,0
36.3888,27.1993,1
40.765,30.5261,0
35.0468,25.9045,2
38.1048,27.2086,1
38.2273,38.856,0
36.7731,29.103,2
41.1653,43.7425,1
36.943,28.7433,2
39.5908,28.8846,2
38.8748,43.5393,2
36.6371,36.1256,0
39.2733,27.8301,0
38.9296,41.9531,0
38.5991,31.6388,1
36.5936,27.2863,2
38.7828,31.1851,2
38.8973,25.9713,1
36.4461,31.0293,1
41.0925,43.8486,1
40.7721,31.5111,0
39.8695,31.9026,2
39.7815,26.171,1
40.5823,42.1506,0
38.7755,26.3603,2
39.8211,43.4123,2
37.6613,29.3688,1
38.6006,31.6373,1
37.8755,29.3831,2
38.1195,33.087,2
37.565,29.195,1
38.0641,27.4858,1
41.1906,43.8375,0
34.598,26.825,2
37.9086,27.0278,1
38.9268,26.6503,1
37.8851,26.4985,1
38.8906,29.9256,0
39.9015,41.8481,0
36.5086,27.0831,1
37.4085,37.1016,2
39.9045,43.1913,2
37.0415,28.3683,0
35.2201,25.455,1
36.5701,29.0318,1
35.5988,31.1845,1
38.5908,39.5448,0
39.8623,30.2531,1
37.8655,27.141,0
39.5305,26.3798,1
38.9308,42.0241,0
36.298,29.455,2
38.8925,43.5095,0
36.5446,27.2375,1
35.8738,29.4165,2
37.4831,35.9946,2
39.023,43.564,0
36.4491,27.2221,0
36.3253,36.3978,0
37.808,32.068,1
40.7073,32.3481,0
38.2498,38.8223,0
36.426,27.0028,2
38.8918,43.558,0
38.9121,43.5095,2
40.4603,32.9433,1
36.6838,27.4003,1
37.7275,26.1403,1
38.1571,38.0945,0
37.455,30.4023,1
41.1613,43.717,1
37.6418,29.3563,1
38.9075,26.6885,1
37.2896,31.8706,2
36.4793,27.1276,1
39.7958,42.24,0
41.2871,43.7043,0
36.9365,27.6908,1
37.9005,27.1013,1
37.9965,29.3108,2
36.6996,28.0568,1
37.8755,26.9188,2
40.4038,27.7456,2
39.3225,33.3541,0
39.4995,28.8186,2
36.4631,27.1528,1
36.39,29.1725,1
41.1018,43.8008,0
37.8211,26.9628,1
37.69,25.9458,1
37.3173,35.3548,1
37.8403,27.0281,2
37.8641,26.8835,2
39.8211,40.4976,2
37.0845,27.9643,2
36.5948,27.2776,1
39.151,42.2695,2
38.6321,43.1626,0
35.219,25.464,1
38.4055,29.0771,1
37.8855,26.862,1
38.2521,38.833,0
37.6753,26.0321,2
36.503,27.1935,1
39.9991,28.2086,1
38.6721,43.162,0
37.591,29.9545,1
41.1653,43.7116,1
39.0123,30.1925,1
37.1121,28.4586,0
36.6061,27.3151,1
39.4775,38.089,0
38.8593,35.0906,2
36.9,27.3311,2
37.8963,29.0611,0
40.8848,33.181,1
39.8141,41.3476,0
38.5836,26.6738,2
39.9526,33.2271,2
37.8916,26.9155,1
40.1925,31.812,1
36.4305,27.1008,1
38.9335,25.3966,1
39.1461,27.3881,2
37.459,27.671,1
38.2431,38.7981,0
40.3375,26.0111,1
37.8036,29.6401,1
36.2933,28.4075,2
40.8786,41.447,0
38.26,38.8551,0
38.1641,28.8556,1
35.4136,26.186,0
38.7595,27.813,1
36.587,27.2535,1
38.7763,31.1688,0
37.0115,29.0923,1
36.5021,27.2246,1
38.5858,43.1578,2
39.6541,30.073,1
37.9548,27.1143,1
36.9198,29.1903,2
38.1786,30.9123,1
37.8795,26.8066,1
39.0321,29.5975,0
36.4891,27.1158,1
36.4213,27.1001,1
39.7805,41.7673,0
36.6773,27.3168,1
36.7973,29.0696,1
37.6756,29.3671,2
35.2741,28.275,2
37.8718,26.8503,1
36.5566,28.7228,2
38.4731,32.2646,1
37.8586,26.9263,1
38.1613,42.5453,0
40.4448,29.32,1
38.7426,28.9166,0
37.314,37.0931,0
38.2636,38.8171,2
38.3818,38.9621,2
41.1553,44.1258,0
37.4643,27.4743,1
36.4941,27.155,1
37.9746,28.815,1
37.0615,28.3951,2
38.2395,38.8125,0
36.9178,27.832,0
37.883,26.955,1
37.8858,27.1201,1
39.654,42.9651,0
36.5581,27.2158,1
37.4338,30.3725,1
39.4633,31.4866,2
37.8326,27.3076,1
37.921,26.9648,2
40.2318,27.039,2
36.885,34.7248,1
39.6833,28.4175,1
36.486,27.2006,1
40.6271,42.1246,0
38.7486,43.478,2
37.8685,27.6296,2
37.4576,37.9575,0
37.1408,28.6998,1
37.6928,26.037,2
36.5191,27.048,2
39.6805,30.0696,2
40.9838,43.899,0
39.7978,41.8216,0
34.9256,26.0281,1
37.5126,44.6336,1
37.7178,26.1511,2
37.9465,27.1508,1
37.9605,28.9893,2
37.7793,29.7383,2
37.3386,26.8758,2
35.949,29.7028,1
39.6923,28.403,1
40.4235,42.446,0
38.2481,38.8033,0
35.4531,25.5556,1
35.78,29.478,1
41.1673,43.885,0
36.2136,28.879,2
38.645,26.6378,0
36.989,28.5198,2
38.7675,43.3996,0
39.9296,39.1293,0
36.5315,27.1796,1
36.3806,27.2195,1
37.2825,28.4878,2
37.235,36.9855,0
37.2753,36.9528,0
39.4506,33.5058,1
37.8625,27.0465,1
39.0621,26.891,1
40.0848,33.332,2
38.468,39.3423,0
39.7811,26.102,2
36.4996,27.2636,1
